material,cmi_worth_per_item,shop_file,shop_id,item_id,page,slot,command,quantity,listed_buy_price,shop_unit_price,cmi_worth_for_quantity,difference_total,difference_per_item,difference_percent,multiplier,publishable,policy_reasons
ACACIA_BOAT,1.23,survival_wood_products.yml,survival_wood_products,140,7,14,/buy survival_wood_products 7,1,123,123,1.23,121.77,121.77,9900,100,true,
ACACIA_BUTTON,0.23,survival_wood_products.yml,survival_wood_products,92,4,32,/buy survival_wood_products 4,1,23,23,0.23,22.77,22.77,9900,100,true,
ACACIA_CHEST_BOAT,2.27,survival_wood_products.yml,survival_wood_products,150,7,32,/buy survival_wood_products 7,1,227,227,2.27,224.73,224.73,9900,100,true,
ACACIA_DOOR,0.49,survival_wood_products.yml,survival_wood_products,68,3,32,/buy survival_wood_products 3,1,49,49,0.49,48.51,48.51,9900,100,true,
ACACIA_FENCE,0.39,survival_wood_products.yml,survival_wood_products,44,2,32,/buy survival_wood_products 2,1,39,39,0.39,38.61,38.61,9900,100,true,
ACACIA_FENCE_GATE,0.31,survival_wood_products.yml,survival_wood_products,56,3,14,/buy survival_wood_products 3,1,31,31,0.31,30.69,30.69,9900,100,true,
ACACIA_HANGING_SIGN,17.99,survival_wood_products.yml,survival_wood_products,128,6,14,/buy survival_wood_products 6,1,1799,1799,17.99,1781.01,1781.01,9900,100,true,
ACACIA_LEAVES,0.4,survival_farming_trees.yml,survival_farming_trees,14,1,25,/buy survival_farming_trees 1,1,40,40,0.4,39.6,39.6,9900,100,true,
ACACIA_LEAVES,0.4,survival_logs.yml,survival_logs,63,3,32,/buy survival_logs 3,1,40,40,0.4,39.6,39.6,9900,100,true,
ACACIA_LOG,1,survival_logs.yml,survival_logs,5,1,14,/buy survival_logs 1,1,100,100,1,99,99,9900,100,true,
ACACIA_PLANKS,0.23,survival_wood_products.yml,survival_wood_products,5,1,14,/buy survival_wood_products 1,1,23,23,0.23,22.77,22.77,9900,100,true,
ACACIA_PRESSURE_PLATE,0.48,survival_wood_products.yml,survival_wood_products,104,5,14,/buy survival_wood_products 5,1,48,48,0.48,47.52,47.52,9900,100,true,
ACACIA_SAPLING,0.31,survival_farming_trees.yml,survival_farming_trees,5,1,14,/buy survival_farming_trees 1,1,31,31,0.31,30.69,30.69,9900,100,true,
ACACIA_SAPLING,0.31,survival_logs.yml,survival_logs,52,3,21,/buy survival_logs 3,1,31,31,0.31,30.69,30.69,9900,100,true,
ACACIA_SHELF,0.99,survival_logs.yml,survival_logs,74,4,20,/buy survival_logs 4,1,99,99,0.99,98.01,98.01,9900,100,true,
ACACIA_SIGN,1.3,survival_wood_products.yml,survival_wood_products,116,5,32,/buy survival_wood_products 5,1,130,130,1.3,128.7,128.7,9900,100,true,
ACACIA_SLAB,0.11,survival_wood_products.yml,survival_wood_products,18,1,32,/buy survival_wood_products 1,1,11,11,0.11,10.89,10.89,9900,100,true,
ACACIA_STAIRS,0.36,survival_wood_products.yml,survival_wood_products,31,2,14,/buy survival_wood_products 2,1,36,36,0.36,35.64,35.64,9900,100,true,
ACACIA_TRAPDOOR,0.74,survival_wood_products.yml,survival_wood_products,80,4,14,/buy survival_wood_products 4,1,74,74,0.74,73.26,73.26,9900,100,true,
ACACIA_WOOD,1.31,survival_logs.yml,survival_logs,19,1,32,/buy survival_logs 1,1,131,131,1.31,129.69,129.69,9900,100,true,
ACTIVATOR_RAIL,2.87,survival_ores_redstone.yml,survival_ores_redstone,29,2,19,/buy survival_ores_redstone 2,1,287,287,2.87,284.13,284.13,9900,100,true,
AIR,0,,,,,,,,,,,,,,,false,not listed
ALLIUM,0.2,survival_farming_plants.yml,survival_farming_plants,4,1,13,/buy survival_farming_plants 1,1,20,20,0.2,19.8,19.8,9900,100,true,
AMETHYST_BLOCK,1.63,survival_ores_amethyst.yml,survival_ores_amethyst,6,1,15,/buy survival_ores_amethyst 1,1,163,163,1.63,161.37,161.37,9900,100,true,
AMETHYST_CLUSTER,4,survival_ores_amethyst.yml,survival_ores_amethyst,4,1,13,/buy survival_ores_amethyst 1,1,400,400,4,396,396,9900,100,true,
AMETHYST_SHARD,0.4,survival_ores_amethyst.yml,survival_ores_amethyst,5,1,14,/buy survival_ores_amethyst 1,1,40,40,0.4,39.6,39.6,9900,100,true,
ANCIENT_DEBRIS,62,survival_nether.yml,survival_nether,24,2,12,/buy survival_nether 2,1,6200,6200,62,6138,6138,9900,100,true,
ANCIENT_DEBRIS,62,survival_ores_netherite.yml,survival_ores_netherite,4,1,13,/buy survival_ores_netherite 1,1,6200,6200,62,6138,6138,9900,100,true,
ANDESITE,0.33,survival_blocks.yml,survival_blocks,9,1,20,/buy survival_blocks 1,1,33,33,0.33,32.67,32.67,9900,100,true,
ANDESITE_SLAB,0.33,,,,,,,,,,,,,,,false,not listed
ANDESITE_STAIRS,0.33,,,,,,,,,,,,,,,false,not listed
ANDESITE_WALL,0.33,,,,,,,,,,,,,,,false,not listed
ANGLER_POTTERY_SHERD,25,survival_sherds.yml,survival_sherds,1,1,10,/buy survival_sherds 1,1,2500,2500,25,2475,2475,9900,100,true,
ANVIL,88.45,survival_ores_iron.yml,survival_ores_iron,10,1,21,/buy survival_ores_iron 1,1,8845,8845,88.45,8756.55,8756.55,9900,100,true,
APPLE,1.76,survival_food.yml,survival_food,1,1,10,/buy survival_food 1,1,176,176,1.76,174.24,174.24,9900,100,true,
ARCHER_POTTERY_SHERD,25,survival_sherds.yml,survival_sherds,2,1,11,/buy survival_sherds 1,1,2500,2500,25,2475,2475,9900,100,true,
ARMADILLO_SCUTE,1.5,survival_mobdrops.yml,survival_mobdrops,22,2,10,/buy survival_mobdrops 2,1,150,150,1.5,148.5,148.5,9900,100,true,
ARMOR_STAND,0.8,,,,,,,,,,,,,,,false,not listed
ARMS_UP_POTTERY_SHERD,25,survival_sherds.yml,survival_sherds,3,1,12,/buy survival_sherds 1,1,2500,2500,25,2475,2475,9900,100,true,
ARROW,0.09,survival_weapons.yml,survival_weapons,16,2,12,/buy survival_weapons 2,1,9,9,0.09,8.91,8.91,9900,100,true,
AXOLOTL_BUCKET,10,,,,,,,,,,,,,,,false,not listed
AZALEA,10,survival_farming_plants.yml,survival_farming_plants,27,1,42,/buy survival_farming_plants 1,1,1000,1000,10,990,990,9900,100,true,
AZALEA_LEAVES,0.4,survival_farming_trees.yml,survival_farming_trees,19,1,32,/buy survival_farming_trees 1,1,40,40,0.4,39.6,39.6,9900,100,true,
AZALEA_LEAVES,0.4,survival_logs.yml,survival_logs,65,3,34,/buy survival_logs 3,1,40,40,0.4,39.6,39.6,9900,100,true,
AZURE_BLUET,0.2,survival_farming_plants.yml,survival_farming_plants,5,1,14,/buy survival_farming_plants 1,1,20,20,0.2,19.8,19.8,9900,100,true,
BAKED_POTATO,0.92,survival_food.yml,survival_food,2,1,11,/buy survival_food 1,1,92,92,0.92,91.08,91.08,9900,100,true,
BAMBOO,0.05,survival_farming_crops.yml,survival_farming_crops,17,1,30,/buy survival_farming_crops 1,1,5,5,0.05,4.95,4.95,9900,100,true,
BAMBOO,0.05,survival_ores_coal.yml,survival_ores_coal,9,1,20,/buy survival_ores_coal 1,1,5,5,0.05,4.95,4.95,9900,100,true,
BAMBOO_BLOCK,0.45,survival_blocks.yml,survival_blocks,42,2,34,/buy survival_blocks 2,1,45,45,0.45,44.55,44.55,9900,100,true,
BAMBOO_BUTTON,0.22,survival_wood_products.yml,survival_wood_products,97,4,39,/buy survival_wood_products 4,1,22,22,0.22,21.78,21.78,9900,100,true,
BAMBOO_CHEST_RAFT,2.16,survival_wood_products.yml,survival_wood_products,155,7,39,/buy survival_wood_products 7,1,216,216,2.16,213.84,213.84,9900,100,true,
BAMBOO_DOOR,0.44,survival_wood_products.yml,survival_wood_products,73,3,39,/buy survival_wood_products 3,1,44,44,0.44,43.56,43.56,9900,100,true,
BAMBOO_FENCE,0.36,survival_wood_products.yml,survival_wood_products,49,2,39,/buy survival_wood_products 2,1,36,36,0.36,35.64,35.64,9900,100,true,
BAMBOO_FENCE_GATE,0.85,survival_wood_products.yml,survival_wood_products,61,3,21,/buy survival_wood_products 3,1,85,85,0.85,84.15,84.15,9900,100,true,
BAMBOO_HANGING_SIGN,17.96,survival_wood_products.yml,survival_wood_products,133,6,21,/buy survival_wood_products 6,1,1796,1796,17.96,1778.04,1778.04,9900,100,true,
BAMBOO_MOSAIC,0.22,survival_wood_products.yml,survival_wood_products,13,1,24,/buy survival_wood_products 1,1,22,22,0.22,21.78,21.78,9900,100,true,
BAMBOO_MOSAIC_SLAB,0.11,survival_wood_products.yml,survival_wood_products,26,1,42,/buy survival_wood_products 1,1,11,11,0.11,10.89,10.89,9900,100,true,
BAMBOO_MOSAIC_STAIRS,0.33,survival_wood_products.yml,survival_wood_products,39,2,24,/buy survival_wood_products 2,1,33,33,0.33,32.67,32.67,9900,100,true,
BAMBOO_PLANKS,0.22,survival_wood_products.yml,survival_wood_products,10,1,21,/buy survival_wood_products 1,1,22,22,0.22,21.78,21.78,9900,100,true,
BAMBOO_PRESSURE_PLATE,0.44,survival_wood_products.yml,survival_wood_products,109,5,21,/buy survival_wood_products 5,1,44,44,0.44,43.56,43.56,9900,100,true,
BAMBOO_RAFT,1.12,survival_wood_products.yml,survival_wood_products,145,7,21,/buy survival_wood_products 7,1,112,112,1.12,110.88,110.88,9900,100,true,
BAMBOO_SHELF,0.99,survival_logs.yml,survival_logs,79,4,25,/buy survival_logs 4,1,99,99,0.99,98.01,98.01,9900,100,true,
BAMBOO_SIGN,0.48,survival_wood_products.yml,survival_wood_products,121,5,39,/buy survival_wood_products 5,1,48,48,0.48,47.52,47.52,9900,100,true,
BAMBOO_SLAB,0.11,survival_wood_products.yml,survival_wood_products,23,1,39,/buy survival_wood_products 1,1,11,11,0.11,10.89,10.89,9900,100,true,
BAMBOO_STAIRS,0.33,survival_wood_products.yml,survival_wood_products,36,2,21,/buy survival_wood_products 2,1,33,33,0.33,32.67,32.67,9900,100,true,
BAMBOO_TRAPDOOR,0.67,survival_wood_products.yml,survival_wood_products,85,4,21,/buy survival_wood_products 4,1,67,67,0.67,66.33,66.33,9900,100,true,
BARREL,1.44,,,,,,,,,,,,,,,false,not listed
BARRIER,0.1,,,,,,,,,,,,,,,false,not listed
BASALT,1,survival_blocks.yml,survival_blocks,50,3,19,/buy survival_blocks 3,1,100,100,1,99,99,9900,100,true,
BASALT,1,survival_nether.yml,survival_nether,4,1,13,/buy survival_nether 1,1,100,100,1,99,99,9900,100,true,
BEACON,10218.56,survival_misc.yml,survival_misc,37,2,38,/buy survival_misc 2,1,1021856,1021856,10218.56,1011637.44,1011637.44,9900,100,true,
BEDROCK,100,,,,,,,,,,,,,,,false,not listed
BEEF,0.2,survival_food.yml,survival_food,30,2,20,/buy survival_food 2,1,20,20,0.2,19.8,19.8,9900,100,true,
BEEHIVE,13.46,,,,,,,,,,,,,,,false,not listed
BEETROOT,0.2,survival_farming_crops.yml,survival_farming_crops,11,1,22,/buy survival_farming_crops 1,1,20,20,0.2,19.8,19.8,9900,100,true,
BEETROOT,0.2,survival_food.yml,survival_food,3,1,12,/buy survival_food 1,1,20,20,0.2,19.8,19.8,9900,100,true,
BEETROOT_SEEDS,0.2,survival_farming_crops.yml,survival_farming_crops,4,1,13,/buy survival_farming_crops 1,1,20,20,0.2,19.8,19.8,9900,100,true,
BEETROOT_SOUP,1.39,survival_food.yml,survival_food,4,1,13,/buy survival_food 1,1,139,139,1.39,137.61,137.61,9900,100,true,
BEE_NEST,30,,,,,,,,,,,,,,,false,not listed
BELL,450,survival_ores_gold.yml,survival_ores_gold,25,2,13,/buy survival_ores_gold 2,1,45000,45000,450,44550,44550,9900,100,true,
BIG_DRIPLEAF,1,survival_farming_plants.yml,survival_farming_plants,49,2,34,/buy survival_farming_plants 2,1,100,100,1,99,99,9900,100,true,
BIRCH_BOAT,1.23,survival_wood_products.yml,survival_wood_products,138,7,12,/buy survival_wood_products 7,1,123,123,1.23,121.77,121.77,9900,100,true,
BIRCH_BUTTON,0.23,survival_wood_products.yml,survival_wood_products,90,4,30,/buy survival_wood_products 4,1,23,23,0.23,22.77,22.77,9900,100,true,
BIRCH_CHEST_BOAT,2.27,survival_wood_products.yml,survival_wood_products,148,7,30,/buy survival_wood_products 7,1,227,227,2.27,224.73,224.73,9900,100,true,
BIRCH_DOOR,0.49,survival_wood_products.yml,survival_wood_products,66,3,30,/buy survival_wood_products 3,1,49,49,0.49,48.51,48.51,9900,100,true,
BIRCH_FENCE,0.39,survival_wood_products.yml,survival_wood_products,42,2,30,/buy survival_wood_products 2,1,39,39,0.39,38.61,38.61,9900,100,true,
BIRCH_FENCE_GATE,0.31,survival_wood_products.yml,survival_wood_products,54,3,12,/buy survival_wood_products 3,1,31,31,0.31,30.69,30.69,9900,100,true,
BIRCH_HANGING_SIGN,17.99,survival_wood_products.yml,survival_wood_products,126,6,12,/buy survival_wood_products 6,1,1799,1799,17.99,1781.01,1781.01,9900,100,true,
BIRCH_LEAVES,0.4,survival_farming_trees.yml,survival_farming_trees,12,1,23,/buy survival_farming_trees 1,1,40,40,0.4,39.6,39.6,9900,100,true,
BIRCH_LEAVES,0.4,survival_logs.yml,survival_logs,61,3,30,/buy survival_logs 3,1,40,40,0.4,39.6,39.6,9900,100,true,
BIRCH_LOG,1,survival_logs.yml,survival_logs,3,1,12,/buy survival_logs 1,1,100,100,1,99,99,9900,100,true,
BIRCH_PLANKS,0.23,survival_wood_products.yml,survival_wood_products,3,1,12,/buy survival_wood_products 1,1,23,23,0.23,22.77,22.77,9900,100,true,
BIRCH_PRESSURE_PLATE,0.48,survival_wood_products.yml,survival_wood_products,102,5,12,/buy survival_wood_products 5,1,48,48,0.48,47.52,47.52,9900,100,true,
BIRCH_SAPLING,0.31,survival_farming_trees.yml,survival_farming_trees,3,1,12,/buy survival_farming_trees 1,1,31,31,0.31,30.69,30.69,9900,100,true,
BIRCH_SAPLING,0.31,survival_logs.yml,survival_logs,50,3,19,/buy survival_logs 3,1,31,31,0.31,30.69,30.69,9900,100,true,
BIRCH_SHELF,0.99,survival_logs.yml,survival_logs,72,4,16,/buy survival_logs 4,1,99,99,0.99,98.01,98.01,9900,100,true,
BIRCH_SIGN,1.3,survival_wood_products.yml,survival_wood_products,114,5,30,/buy survival_wood_products 5,1,130,130,1.3,128.7,128.7,9900,100,true,
BIRCH_SLAB,0.11,survival_wood_products.yml,survival_wood_products,16,1,30,/buy survival_wood_products 1,1,11,11,0.11,10.89,10.89,9900,100,true,
BIRCH_STAIRS,0.36,survival_wood_products.yml,survival_wood_products,29,2,12,/buy survival_wood_products 2,1,36,36,0.36,35.64,35.64,9900,100,true,
BIRCH_TRAPDOOR,0.74,survival_wood_products.yml,survival_wood_products,78,4,12,/buy survival_wood_products 4,1,74,74,0.74,73.26,73.26,9900,100,true,
BIRCH_WOOD,1.31,survival_logs.yml,survival_logs,17,1,30,/buy survival_logs 1,1,131,131,1.31,129.69,129.69,9900,100,true,
BLACKSTONE,0.4,survival_blackstone.yml,survival_blackstone,1,1,10,/buy survival_blackstone 1,1,40,40,0.4,39.6,39.6,9900,100,true,
BLACKSTONE,0.4,survival_nether.yml,survival_nether,6,1,15,/buy survival_nether 1,1,40,40,0.4,39.6,39.6,9900,100,true,
BLACKSTONE_SLAB,0.2,survival_blackstone.yml,survival_blackstone,2,1,11,/buy survival_blackstone 1,1,20,20,0.2,19.8,19.8,9900,100,true,
BLACKSTONE_STAIRS,0.4,survival_blackstone.yml,survival_blackstone,3,1,12,/buy survival_blackstone 1,1,40,40,0.4,39.6,39.6,9900,100,true,
BLACKSTONE_WALL,0.4,survival_blackstone.yml,survival_blackstone,4,1,13,/buy survival_blackstone 1,1,40,40,0.4,39.6,39.6,9900,100,true,
BLACK_BANNER,1,survival_wools.yml,survival_wools,64,4,29,/buy survival_wools 4,1,100,100,1,99,99,9900,100,true,
BLACK_BED,1.95,survival_wools.yml,survival_wools,48,3,29,/buy survival_wools 3,1,195,195,1.95,193.05,193.05,9900,100,true,
BLACK_BUNDLE,0.43,survival_misc.yml,survival_misc,24,2,13,/buy survival_misc 2,1,43,43,0.43,42.57,42.57,9900,100,true,
BLACK_CANDLE,4.17,survival_misc.yml,survival_misc,8,1,19,/buy survival_misc 1,1,417,417,4.17,412.83,412.83,9900,100,true,
BLACK_CARPET,0.33,survival_wools.yml,survival_wools,20,2,13,/buy survival_wools 2,1,33,33,0.33,32.67,32.67,9900,100,true,
BLACK_CONCRETE,0.05,survival_concrete.yml,survival_concrete,29,2,19,/buy survival_concrete 2,1,5,5,0.05,4.95,4.95,9900,100,true,
BLACK_CONCRETE_POWDER,0.05,survival_concrete.yml,survival_concrete,30,2,20,/buy survival_concrete 2,1,5,5,0.05,4.95,4.95,9900,100,true,
BLACK_DYE,0.09,survival_dyes.yml,survival_dyes,4,1,13,/buy survival_dyes 1,1,9,9,0.09,8.91,8.91,9900,100,true,
BLACK_GLAZED_TERRACOTTA,0.31,survival_terracotta.yml,survival_terracotta,21,2,13,/buy survival_terracotta 2,1,31,31,0.31,30.69,30.69,9900,100,true,
BLACK_HARNESS,1.31,survival_armor.yml,survival_armor,43,3,13,/buy survival_armor 3,1,131,131,1.31,129.69,129.69,9900,100,true,
BLACK_SHULKER_BOX,2040.09,survival_end.yml,survival_end,34,2,24,/buy survival_end 2,1,204009,204009,2040.09,201968.91,201968.91,9900,100,true,
BLACK_STAINED_GLASS,0.05,survival_glass.yml,survival_glass,6,1,15,/buy survival_glass 1,1,5,5,0.05,4.95,4.95,9900,100,true,
BLACK_STAINED_GLASS_PANE,0.01,survival_glass.yml,survival_glass,23,2,11,/buy survival_glass 2,1,1,1,0.01,0.99,0.99,9900,100,true,
BLACK_TERRACOTTA,0.31,survival_terracotta.yml,survival_terracotta,5,1,14,/buy survival_terracotta 1,1,31,31,0.31,30.69,30.69,9900,100,true,
BLACK_WOOL,0.49,survival_wools.yml,survival_wools,4,1,13,/buy survival_wools 1,1,49,49,0.49,48.51,48.51,9900,100,true,
BLADE_POTTERY_SHERD,25,survival_sherds.yml,survival_sherds,4,1,13,/buy survival_sherds 1,1,2500,2500,25,2475,2475,9900,100,true,
BLAST_FURNACE,17.48,survival_misc.yml,survival_misc,4,1,13,/buy survival_misc 1,1,1748,1748,17.48,1730.52,1730.52,9900,100,true,
BLAZE_POWDER,0.11,survival_nether.yml,survival_nether,55,3,23,/buy survival_nether 3,1,11,11,0.11,10.89,10.89,9900,100,true,
BLAZE_ROD,0.22,survival_mobdrops.yml,survival_mobdrops,9,1,20,/buy survival_mobdrops 1,1,22,22,0.22,21.78,21.78,9900,100,true,
BLAZE_ROD,0.22,survival_nether.yml,survival_nether,44,3,10,/buy survival_nether 3,1,22,22,0.22,21.78,21.78,9900,100,true,
BLAZE_ROD,0.22,survival_ores_coal.yml,survival_ores_coal,8,1,19,/buy survival_ores_coal 1,1,22,22,0.22,21.78,21.78,9900,100,true,
BLUE_BANNER,1,survival_wools.yml,survival_wools,60,4,23,/buy survival_wools 4,1,100,100,1,99,99,9900,100,true,
BLUE_BED,1.98,survival_wools.yml,survival_wools,44,3,23,/buy survival_wools 3,1,198,198,1.98,196.02,196.02,9900,100,true,
BLUE_BUNDLE,0.46,survival_misc.yml,survival_misc,33,2,24,/buy survival_misc 2,1,46,46,0.46,45.54,45.54,9900,100,true,
BLUE_CANDLE,4.2,survival_misc.yml,survival_misc,17,1,30,/buy survival_misc 1,1,420,420,4.2,415.8,415.8,9900,100,true,
BLUE_CARPET,0.36,survival_wools.yml,survival_wools,29,2,24,/buy survival_wools 2,1,36,36,0.36,35.64,35.64,9900,100,true,
BLUE_CONCRETE,0.05,survival_concrete.yml,survival_concrete,21,1,34,/buy survival_concrete 1,1,5,5,0.05,4.95,4.95,9900,100,true,
BLUE_CONCRETE_POWDER,0.05,survival_concrete.yml,survival_concrete,22,2,10,/buy survival_concrete 2,1,5,5,0.05,4.95,4.95,9900,100,true,
BLUE_DYE,0.12,survival_dyes.yml,survival_dyes,13,1,24,/buy survival_dyes 1,1,12,12,0.12,11.88,11.88,9900,100,true,
BLUE_EGG,1,survival_mobdrops.yml,survival_mobdrops,27,2,15,/buy survival_mobdrops 2,1,100,100,1,99,99,9900,100,true,
BLUE_GLAZED_TERRACOTTA,0.32,survival_terracotta.yml,survival_terracotta,30,2,24,/buy survival_terracotta 2,1,32,32,0.32,31.68,31.68,9900,100,true,
BLUE_HARNESS,1.35,survival_armor.yml,survival_armor,52,3,24,/buy survival_armor 3,1,135,135,1.35,133.65,133.65,9900,100,true,
BLUE_ICE,5,survival_blocks.yml,survival_blocks,82,5,11,/buy survival_blocks 5,1,500,500,5,495,495,9900,100,true,
BLUE_ORCHID,0.2,survival_farming_plants.yml,survival_farming_plants,3,1,12,/buy survival_farming_plants 1,1,20,20,0.2,19.8,19.8,9900,100,true,
BLUE_SHULKER_BOX,2040.12,survival_end.yml,survival_end,27,2,15,/buy survival_end 2,1,204012,204012,2040.12,201971.88,201971.88,9900,100,true,
BLUE_STAINED_GLASS,0.05,survival_glass.yml,survival_glass,15,1,28,/buy survival_glass 1,1,5,5,0.05,4.95,4.95,9900,100,true,
BLUE_STAINED_GLASS_PANE,0.01,survival_glass.yml,survival_glass,32,2,22,/buy survival_glass 2,1,1,1,0.01,0.99,0.99,9900,100,true,
BLUE_TERRACOTTA,0.32,survival_terracotta.yml,survival_terracotta,14,1,25,/buy survival_terracotta 1,1,32,32,0.32,31.68,31.68,9900,100,true,
BLUE_WOOL,0.53,survival_wools.yml,survival_wools,13,1,24,/buy survival_wools 1,1,53,53,0.53,52.47,52.47,9900,100,true,
BOLT_ARMOR_TRIM_SMITHING_TEMPLATE,250,island_templates.yml,island_templates,19,1,31,/buy island_templates 1,1,25000,25000,250,24750,24750,9900,100,true,
BONE,0.22,survival_mobdrops.yml,survival_mobdrops,1,1,10,/buy survival_mobdrops 1,1,22,22,0.22,21.78,21.78,9900,100,true,
BONE_BLOCK,0.64,,,,,,,,,,,,,,,false,not listed
BONE_MEAL,0.07,survival_farming_crops.yml,survival_farming_crops,7,1,16,/buy survival_farming_crops 1,1,7,7,0.07,6.93,6.93,9900,100,true,
BOOK,1.18,,,,,,,,,,,,,,,false,not listed
BOOKSHELF,5.11,survival_blocks.yml,survival_blocks,35,2,25,/buy survival_blocks 2,1,511,511,5.11,505.89,505.89,9900,100,true,
BORDURE_INDENTED_BANNER_PATTERN,1.42,,,,,,,,,,,,,,,false,not listed
BOW,0.61,survival_weapons.yml,survival_weapons,13,2,10,/buy survival_weapons 2,1,61,61,0.61,60.39,60.39,9900,100,true,
BOWL,0.17,,,,,,,,,,,,,,,false,not listed
BRAIN_CORAL,1,survival_coral.yml,survival_coral,1,1,10,/buy survival_coral 1,1,100,100,1,99,99,9900,100,true,
BRAIN_CORAL_BLOCK,1,survival_coral.yml,survival_coral,2,1,11,/buy survival_coral 1,1,100,100,1,99,99,9900,100,true,
BRAIN_CORAL_FAN,1,survival_coral.yml,survival_coral,3,1,12,/buy survival_coral 1,1,100,100,1,99,99,9900,100,true,
BREAD,1.22,survival_food.yml,survival_food,5,1,14,/buy survival_food 1,1,122,122,1.22,120.78,120.78,9900,100,true,
BREEZE_ROD,5,survival_mobdrops.yml,survival_mobdrops,21,1,34,/buy survival_mobdrops 1,1,500,500,5,495,495,9900,100,true,
BREWER_POTTERY_SHERD,25,survival_sherds.yml,survival_sherds,5,1,14,/buy survival_sherds 1,1,2500,2500,25,2475,2475,9900,100,true,
BREWING_STAND,1.94,,,,,,,,,,,,,,,false,not listed
BRICK,0.6,,,,,,,,,,,,,,,false,not listed
BRICKS,2.4,survival_bricks.yml,survival_bricks,1,1,10,/buy survival_bricks 1,1,240,240,2.4,237.6,237.6,9900,100,true,
BRICK_SLAB,2.44,survival_bricks.yml,survival_bricks,2,1,11,/buy survival_bricks 1,1,244,244,2.44,241.56,241.56,9900,100,true,
BRICK_STAIRS,5.59,survival_bricks.yml,survival_bricks,3,1,12,/buy survival_bricks 1,1,559,559,5.59,553.41,553.41,9900,100,true,
BRICK_WALL,2.4,survival_bricks.yml,survival_bricks,4,1,13,/buy survival_bricks 1,1,240,240,2.4,237.6,237.6,9900,100,true,
BROWN_BANNER,1,survival_wools.yml,survival_wools,61,4,24,/buy survival_wools 4,1,100,100,1,99,99,9900,100,true,
BROWN_BED,2.07,survival_wools.yml,survival_wools,45,3,24,/buy survival_wools 3,1,207,207,2.07,204.93,204.93,9900,100,true,
BROWN_BUNDLE,0.55,survival_misc.yml,survival_misc,25,2,14,/buy survival_misc 2,1,55,55,0.55,54.45,54.45,9900,100,true,
BROWN_CANDLE,4.28,survival_misc.yml,survival_misc,9,1,20,/buy survival_misc 1,1,428,428,4.28,423.72,423.72,9900,100,true,
BROWN_CARPET,0.41,survival_wools.yml,survival_wools,21,2,14,/buy survival_wools 2,1,41,41,0.41,40.59,40.59,9900,100,true,
BROWN_CONCRETE,0.06,survival_concrete.yml,survival_concrete,23,2,11,/buy survival_concrete 2,1,6,6,0.06,5.94,5.94,9900,100,true,
BROWN_CONCRETE_POWDER,0.06,survival_concrete.yml,survival_concrete,24,2,12,/buy survival_concrete 2,1,6,6,0.06,5.94,5.94,9900,100,true,
BROWN_DYE,0.2,survival_dyes.yml,survival_dyes,5,1,14,/buy survival_dyes 1,1,20,20,0.2,19.8,19.8,9900,100,true,
BROWN_EGG,1,survival_mobdrops.yml,survival_mobdrops,26,2,14,/buy survival_mobdrops 2,1,100,100,1,99,99,9900,100,true,
BROWN_GLAZED_TERRACOTTA,0.33,survival_terracotta.yml,survival_terracotta,22,2,14,/buy survival_terracotta 2,1,33,33,0.33,32.67,32.67,9900,100,true,
BROWN_HARNESS,1.43,survival_armor.yml,survival_armor,44,3,14,/buy survival_armor 3,1,143,143,1.43,141.57,141.57,9900,100,true,
BROWN_MUSHROOM,0.24,survival_farming_crops.yml,survival_farming_crops,21,1,34,/buy survival_farming_crops 1,1,24,24,0.24,23.76,23.76,9900,100,true,
BROWN_MUSHROOM_BLOCK,2.2,survival_logs.yml,survival_logs,13,1,24,/buy survival_logs 1,1,220,220,2.2,217.8,217.8,9900,100,true,
BROWN_SHULKER_BOX,2040.2,survival_end.yml,survival_end,39,2,31,/buy survival_end 2,1,204020,204020,2040.2,201979.8,201979.8,9900,100,true,
BROWN_STAINED_GLASS,0.06,survival_glass.yml,survival_glass,7,1,16,/buy survival_glass 1,1,6,6,0.06,5.94,5.94,9900,100,true,
BROWN_STAINED_GLASS_PANE,0.03,survival_glass.yml,survival_glass,24,2,12,/buy survival_glass 2,1,3,3,0.03,2.97,2.97,9900,100,true,
BROWN_TERRACOTTA,0.33,survival_terracotta.yml,survival_terracotta,6,1,15,/buy survival_terracotta 1,1,33,33,0.33,32.67,32.67,9900,100,true,
BROWN_WOOL,0.61,survival_wools.yml,survival_wools,5,1,14,/buy survival_wools 1,1,61,61,0.61,60.39,60.39,9900,100,true,
BRUSH,0.84,survival_ores_copper.yml,survival_ores_copper,143,7,28,/buy survival_ores_copper 7,1,84,84,0.84,83.16,83.16,9900,100,true,
BRUSH,0.84,survival_tools.yml,survival_tools,36,2,14,/buy survival_tools 2,1,84,84,0.84,83.16,83.16,9900,100,true,
BUBBLE_CORAL,1,survival_coral.yml,survival_coral,7,1,16,/buy survival_coral 1,1,100,100,1,99,99,9900,100,true,
BUBBLE_CORAL_BLOCK,1,survival_coral.yml,survival_coral,8,1,19,/buy survival_coral 1,1,100,100,1,99,99,9900,100,true,
BUBBLE_CORAL_FAN,1,survival_coral.yml,survival_coral,9,1,20,/buy survival_coral 1,1,100,100,1,99,99,9900,100,true,
BUCKET,8.56,survival_ores_iron.yml,survival_ores_iron,8,1,19,/buy survival_ores_iron 1,1,856,856,8.56,847.44,847.44,9900,100,true,
BUCKET,8.56,survival_tools.yml,survival_tools,35,2,20,/buy survival_tools 2,1,856,856,8.56,847.44,847.44,9900,100,true,
BUDDING_AMETHYST,50,,,,,,,,,,,,,,,false,not listed
BUNDLE,0.34,survival_misc.yml,survival_misc,40,2,30,/buy survival_misc 2,1,34,34,0.34,33.66,33.66,9900,100,true,
BURN_POTTERY_SHERD,25,survival_sherds.yml,survival_sherds,6,1,15,/buy survival_sherds 1,1,2500,2500,25,2475,2475,9900,100,true,
BUSH,0.3,survival_farming_plants.yml,survival_farming_plants,37,2,20,/buy survival_farming_plants 2,1,30,30,0.3,29.7,29.7,9900,100,true,
CACTUS,0.09,survival_farming_crops.yml,survival_farming_crops,16,1,29,/buy survival_farming_crops 1,1,9,9,0.09,8.91,8.91,9900,100,true,
CACTUS_FLOWER,0.1,survival_farming_plants.yml,survival_farming_plants,15,1,28,/buy survival_farming_plants 1,1,10,10,0.1,9.9,9.9,9900,100,true,
CAKE,2.44,survival_food.yml,survival_food,6,1,15,/buy survival_food 1,1,244,244,2.44,241.56,241.56,9900,100,true,
CALCITE,2,survival_blocks.yml,survival_blocks,36,2,28,/buy survival_blocks 2,1,200,200,2,198,198,9900,100,true,
CALCITE,2,survival_ores_amethyst.yml,survival_ores_amethyst,8,1,19,/buy survival_ores_amethyst 1,1,200,200,2,198,198,9900,100,true,
CALIBRATED_SCULK_SENSOR,11.42,survival_blocks.yml,survival_blocks,87,5,19,/buy survival_blocks 5,1,1142,1142,11.42,1130.58,1130.58,9900,100,true,
CAMPFIRE,4.55,,,,,,,,,,,,,,,false,not listed
CANDLE,4,survival_misc.yml,survival_misc,39,1,34,/buy survival_misc 1,1,400,400,4,396,396,9900,100,true,
CARROT,0.4,survival_farming_crops.yml,survival_farming_crops,12,1,23,/buy survival_farming_crops 1,1,40,40,0.4,39.6,39.6,9900,100,true,
CARROT,0.4,survival_food.yml,survival_food,7,1,16,/buy survival_food 1,1,40,40,0.4,39.6,39.6,9900,100,true,
CARROT_ON_A_STICK,0.92,survival_tools.yml,survival_tools,32,2,33,/buy survival_tools 2,1,92,92,0.92,91.08,91.08,9900,100,true,
CARTOGRAPHY_TABLE,1.38,,,,,,,,,,,,,,,false,not listed
CARVED_PUMPKIN,1.5,,,,,,,,,,,,,,,false,not listed
CAULDRON,19.63,survival_ores_iron.yml,survival_ores_iron,9,1,20,/buy survival_ores_iron 1,1,1963,1963,19.63,1943.37,1943.37,9900,100,true,
CHAINMAIL_BOOTS,1,survival_armor.yml,survival_armor,8,1,38,/buy survival_armor 1,1,100,100,1,99,99,9900,100,true,
CHAINMAIL_BOOTS,1,survival_ores_iron.yml,survival_ores_iron,32,2,31,/buy survival_ores_iron 2,1,100,100,1,99,99,9900,100,true,
CHAINMAIL_CHESTPLATE,2.1,survival_armor.yml,survival_armor,6,1,20,/buy survival_armor 1,1,210,210,2.1,207.9,207.9,9900,100,true,
CHAINMAIL_CHESTPLATE,2.1,survival_ores_iron.yml,survival_ores_iron,30,2,29,/buy survival_ores_iron 2,1,210,210,2.1,207.9,207.9,9900,100,true,
CHAINMAIL_HELMET,1,survival_armor.yml,survival_armor,5,1,11,/buy survival_armor 1,1,100,100,1,99,99,9900,100,true,
CHAINMAIL_HELMET,1,survival_ores_iron.yml,survival_ores_iron,29,2,28,/buy survival_ores_iron 2,1,100,100,1,99,99,9900,100,true,
CHAINMAIL_LEGGINGS,1.8,survival_armor.yml,survival_armor,7,1,29,/buy survival_armor 1,1,180,180,1.8,178.2,178.2,9900,100,true,
CHAINMAIL_LEGGINGS,1.8,survival_ores_iron.yml,survival_ores_iron,31,2,30,/buy survival_ores_iron 2,1,180,180,1.8,178.2,178.2,9900,100,true,
CHAIN_COMMAND_BLOCK,0.1,,,,,,,,,,,,,,,false,not listed
CHARCOAL,1.2,survival_ores_coal.yml,survival_ores_coal,2,1,11,/buy survival_ores_coal 1,1,120,120,1.2,118.8,118.8,9900,100,true,
CHERRY_BOAT,1.27,survival_wood_products.yml,survival_wood_products,143,7,19,/buy survival_wood_products 7,1,127,127,1.27,125.73,125.73,9900,100,true,
CHERRY_BUTTON,0.25,survival_wood_products.yml,survival_wood_products,95,4,37,/buy survival_wood_products 4,1,25,25,0.25,24.75,24.75,9900,100,true,
CHERRY_CHEST_BOAT,2.31,survival_wood_products.yml,survival_wood_products,153,7,37,/buy survival_wood_products 7,1,231,231,2.31,228.69,228.69,9900,100,true,
CHERRY_DOOR,0.5,survival_wood_products.yml,survival_wood_products,71,3,37,/buy survival_wood_products 3,1,50,50,0.5,49.5,49.5,9900,100,true,
CHERRY_FENCE,0.4,survival_wood_products.yml,survival_wood_products,47,2,37,/buy survival_wood_products 2,1,40,40,0.4,39.6,39.6,9900,100,true,
CHERRY_FENCE_GATE,0.91,survival_wood_products.yml,survival_wood_products,59,3,19,/buy survival_wood_products 3,1,91,91,0.91,90.09,90.09,9900,100,true,
CHERRY_HANGING_SIGN,18,survival_wood_products.yml,survival_wood_products,131,6,19,/buy survival_wood_products 6,1,1800,1800,18,1782,1782,9900,100,true,
CHERRY_LEAVES,0.4,survival_farming_trees.yml,survival_farming_trees,17,1,30,/buy survival_farming_trees 1,1,40,40,0.4,39.6,39.6,9900,100,true,
CHERRY_LEAVES,0.4,survival_logs.yml,survival_logs,68,4,12,/buy survival_logs 4,1,40,40,0.4,39.6,39.6,9900,100,true,
CHERRY_LOG,1,survival_logs.yml,survival_logs,8,1,19,/buy survival_logs 1,1,100,100,1,99,99,9900,100,true,
CHERRY_PLANKS,0.25,survival_wood_products.yml,survival_wood_products,8,1,19,/buy survival_wood_products 1,1,25,25,0.25,24.75,24.75,9900,100,true,
CHERRY_PRESSURE_PLATE,0.51,survival_wood_products.yml,survival_wood_products,107,5,19,/buy survival_wood_products 5,1,51,51,0.51,50.49,50.49,9900,100,true,
CHERRY_SAPLING,0.31,survival_farming_trees.yml,survival_farming_trees,8,1,19,/buy survival_farming_trees 1,1,31,31,0.31,30.69,30.69,9900,100,true,
CHERRY_SAPLING,0.31,survival_logs.yml,survival_logs,55,3,24,/buy survival_logs 3,1,31,31,0.31,30.69,30.69,9900,100,true,
CHERRY_SHELF,0.99,survival_logs.yml,survival_logs,77,4,23,/buy survival_logs 4,1,99,99,0.99,98.01,98.01,9900,100,true,
CHERRY_SIGN,0.54,survival_wood_products.yml,survival_wood_products,119,5,37,/buy survival_wood_products 5,1,54,54,0.54,53.46,53.46,9900,100,true,
CHERRY_SLAB,0.12,survival_wood_products.yml,survival_wood_products,21,1,37,/buy survival_wood_products 1,1,12,12,0.12,11.88,11.88,9900,100,true,
CHERRY_STAIRS,0.38,survival_wood_products.yml,survival_wood_products,34,2,19,/buy survival_wood_products 2,1,38,38,0.38,37.62,37.62,9900,100,true,
CHERRY_TRAPDOOR,0.76,survival_wood_products.yml,survival_wood_products,83,4,19,/buy survival_wood_products 4,1,76,76,0.76,75.24,75.24,9900,100,true,
CHERRY_WOOD,1.36,survival_logs.yml,survival_logs,22,2,10,/buy survival_logs 2,1,136,136,1.36,134.64,134.64,9900,100,true,
CHEST,1,,,,,,,,,,,,,,,false,not listed
CHEST_MINECART,15.32,,,,,,,,,,,,,,,false,not listed
CHICKEN,0.2,survival_food.yml,survival_food,31,2,21,/buy survival_food 2,1,20,20,0.2,19.8,19.8,9900,100,true,
CHIPPED_ANVIL,50,,,,,,,,,,,,,,,false,not listed
CHISELED_BOOKSHELF,1.56,survival_blocks.yml,survival_blocks,44,3,11,/buy survival_blocks 3,1,156,156,1.56,154.44,154.44,9900,100,true,
CHISELED_CINNABAR,0.44,survival_sulfur_caves.yml,survival_sulfur_caves,5,2,14,/buy survival_sulfur_caves 2,1,44,44,0.44,43.56,43.56,9900,100,true,
CHISELED_COPPER,1.19,survival_ores_copper.yml,survival_ores_copper,41,2,33,/buy survival_ores_copper 2,1,119,119,1.19,117.81,117.81,9900,100,true,
CHISELED_DEEPSLATE,0.3,survival_deepslate.yml,survival_deepslate,6,1,15,/buy survival_deepslate 1,1,30,30,0.3,29.7,29.7,9900,100,true,
CHISELED_NETHER_BRICKS,1.22,survival_nether.yml,survival_nether,23,2,11,/buy survival_nether 2,1,122,122,1.22,120.78,120.78,9900,100,true,
CHISELED_POLISHED_BLACKSTONE,0.4,survival_blackstone.yml,survival_blackstone,12,1,25,/buy survival_blackstone 1,1,40,40,0.4,39.6,39.6,9900,100,true,
CHISELED_QUARTZ_BLOCK,0.8,survival_ores_quartz.yml,survival_ores_quartz,9,1,20,/buy survival_ores_quartz 1,1,80,80,0.8,79.2,79.2,9900,100,true,
CHISELED_RED_SANDSTONE,0.16,survival_blocks.yml,survival_blocks,66,4,13,/buy survival_blocks 4,1,16,16,0.16,15.84,15.84,9900,100,true,
CHISELED_RESIN_BRICKS,1.04,survival_resin.yml,survival_resin,8,1,19,/buy survival_resin 1,1,104,104,1.04,102.96,102.96,9900,100,true,
CHISELED_SANDSTONE,0.12,survival_blocks.yml,survival_blocks,65,4,12,/buy survival_blocks 4,1,12,12,0.12,11.88,11.88,9900,100,true,
CHISELED_STONE_BRICKS,0.3,survival_stone.yml,survival_stone,12,1,23,/buy survival_stone 1,1,30,30,0.3,29.7,29.7,9900,100,true,
CHISELED_SULFUR,0.3,survival_sulfur_caves.yml,survival_sulfur_caves,18,1,14,/buy survival_sulfur_caves 1,1,30,30,0.3,29.7,29.7,9900,100,true,
CHISELED_TUFF,0.51,survival_tuff.yml,survival_tuff,5,1,14,/buy survival_tuff 1,1,51,51,0.51,50.49,50.49,9900,100,true,
CHISELED_TUFF_BRICKS,0.51,survival_tuff.yml,survival_tuff,14,1,32,/buy survival_tuff 1,1,51,51,0.51,50.49,50.49,9900,100,true,
CHORUS_FLOWER,0.3,survival_end.yml,survival_end,10,1,21,/buy survival_end 1,1,30,30,0.3,29.7,29.7,9900,100,true,
CHORUS_FRUIT,0.2,survival_end.yml,survival_end,11,1,22,/buy survival_end 1,1,20,20,0.2,19.8,19.8,9900,100,true,
CHORUS_FRUIT,0.2,survival_food.yml,survival_food,8,1,19,/buy survival_food 1,1,20,20,0.2,19.8,19.8,9900,100,true,
CHORUS_PLANT,0.2,survival_end.yml,survival_end,9,1,20,/buy survival_end 1,1,20,20,0.2,19.8,19.8,9900,100,true,
CINNABAR,0.45,survival_sulfur_caves.yml,survival_sulfur_caves,1,2,10,/buy survival_sulfur_caves 2,1,45,45,0.45,44.55,44.55,9900,100,true,
CINNABAR_BRICKS,0.45,survival_sulfur_caves.yml,survival_sulfur_caves,10,2,21,/buy survival_sulfur_caves 2,1,45,45,0.45,44.55,44.55,9900,100,true,
CINNABAR_BRICK_SLAB,0.22,survival_sulfur_caves.yml,survival_sulfur_caves,11,2,22,/buy survival_sulfur_caves 2,1,22,22,0.22,21.78,21.78,9900,100,true,
CINNABAR_BRICK_STAIRS,0.45,survival_sulfur_caves.yml,survival_sulfur_caves,12,2,23,/buy survival_sulfur_caves 2,1,45,45,0.45,44.55,44.55,9900,100,true,
CINNABAR_BRICK_WALL,0.45,survival_sulfur_caves.yml,survival_sulfur_caves,13,2,24,/buy survival_sulfur_caves 2,1,45,45,0.45,44.55,44.55,9900,100,true,
CINNABAR_SLAB,0.22,survival_sulfur_caves.yml,survival_sulfur_caves,2,2,11,/buy survival_sulfur_caves 2,1,22,22,0.22,21.78,21.78,9900,100,true,
CINNABAR_STAIRS,0.45,survival_sulfur_caves.yml,survival_sulfur_caves,3,2,12,/buy survival_sulfur_caves 2,1,45,45,0.45,44.55,44.55,9900,100,true,
CINNABAR_WALL,0.45,survival_sulfur_caves.yml,survival_sulfur_caves,4,2,13,/buy survival_sulfur_caves 2,1,45,45,0.45,44.55,44.55,9900,100,true,
CLAY,2.42,survival_blocks.yml,survival_blocks,25,2,13,/buy survival_blocks 2,1,242,242,2.42,239.58,239.58,9900,100,true,
CLAY_BALL,0.5,,,,,,,,,,,,,,,false,not listed
CLOCK,10.92,survival_ores_gold.yml,survival_ores_gold,24,2,12,/buy survival_ores_gold 2,1,1092,1092,10.92,1081.08,1081.08,9900,100,true,
CLOCK,10.92,survival_tools.yml,survival_tools,29,2,31,/buy survival_tools 2,1,1092,1092,10.92,1081.08,1081.08,9900,100,true,
CLOSED_EYEBLOSSOM,0.1,survival_farming_plants.yml,survival_farming_plants,23,1,38,/buy survival_farming_plants 1,1,10,10,0.1,9.9,9.9,9900,100,true,
COAL,1.17,survival_ores_coal.yml,survival_ores_coal,1,1,10,/buy survival_ores_coal 1,1,117,117,1.17,115.83,115.83,9900,100,true,
COAL_BLOCK,4.36,survival_ores_coal.yml,survival_ores_coal,3,1,12,/buy survival_ores_coal 1,1,436,436,4.36,431.64,431.64,9900,100,true,
COAL_ORE,1.17,survival_ores_coal.yml,survival_ores_coal,5,1,14,/buy survival_ores_coal 1,1,117,117,1.17,115.83,115.83,9900,100,true,
COARSE_DIRT,0.07,survival_dirts.yml,survival_dirts,2,1,11,/buy survival_dirts 1,1,7,7,0.07,6.93,6.93,9900,100,true,
COAST_ARMOR_TRIM_SMITHING_TEMPLATE,250,island_templates.yml,island_templates,2,1,11,/buy island_templates 1,1,25000,25000,250,24750,24750,9900,100,true,
COBBLED_DEEPSLATE,0.3,survival_deepslate.yml,survival_deepslate,2,1,11,/buy survival_deepslate 1,1,30,30,0.3,29.7,29.7,9900,100,true,
COBBLED_DEEPSLATE_SLAB,0.15,survival_deepslate.yml,survival_deepslate,3,1,12,/buy survival_deepslate 1,1,15,15,0.15,14.85,14.85,9900,100,true,
COBBLED_DEEPSLATE_STAIRS,0.3,survival_deepslate.yml,survival_deepslate,4,1,13,/buy survival_deepslate 1,1,30,30,0.3,29.7,29.7,9900,100,true,
COBBLED_DEEPSLATE_WALL,0.3,survival_deepslate.yml,survival_deepslate,5,1,14,/buy survival_deepslate 1,1,30,30,0.3,29.7,29.7,9900,100,true,
COBBLESTONE,0.2,survival_blocks.yml,survival_blocks,4,1,13,/buy survival_blocks 1,1,20,20,0.2,19.8,19.8,9900,100,true,
COBBLESTONE_SLAB,0.1,survival_stone.yml,survival_stone,20,1,31,/buy survival_stone 1,1,10,10,0.1,9.9,9.9,9900,100,true,
COBBLESTONE_STAIRS,0.36,survival_stone.yml,survival_stone,21,1,32,/buy survival_stone 1,1,36,36,0.36,35.64,35.64,9900,100,true,
COBBLESTONE_WALL,0.22,survival_stone.yml,survival_stone,22,1,33,/buy survival_stone 1,1,22,22,0.22,21.78,21.78,9900,100,true,
COBWEB,3,,,,,,,,,,,,,,,false,not listed
COCOA_BEANS,0.2,survival_farming_crops.yml,survival_farming_crops,18,1,31,/buy survival_farming_crops 1,1,20,20,0.2,19.8,19.8,9900,100,true,
COD,10,survival_food.yml,survival_food,32,2,22,/buy survival_food 2,1,1000,1000,10,990,990,9900,100,true,
COD_BUCKET,10,,,,,,,,,,,,,,,false,not listed
COMMAND_BLOCK,0.1,,,,,,,,,,,,,,,false,not listed
COMMAND_BLOCK_MINECART,0.1,,,,,,,,,,,,,,,false,not listed
COMPARATOR,2.42,survival_ores_redstone.yml,survival_ores_redstone,7,1,16,/buy survival_ores_redstone 1,1,242,242,2.42,239.58,239.58,9900,100,true,
COMPASS,11.53,survival_ores_iron.yml,survival_ores_iron,18,1,31,/buy survival_ores_iron 1,1,1153,1153,11.53,1141.47,1141.47,9900,100,true,
COMPASS,11.53,survival_tools.yml,survival_tools,28,2,29,/buy survival_tools 2,1,1153,1153,11.53,1141.47,1141.47,9900,100,true,
COMPOSTER,0.78,,,,,,,,,,,,,,,false,not listed
CONDUIT,2397,survival_misc.yml,survival_misc,41,2,39,/buy survival_misc 2,1,239700,239700,2397,237303,237303,9900,100,true,
COOKED_BEEF,0.4,survival_food.yml,survival_food,9,1,20,/buy survival_food 1,1,40,40,0.4,39.6,39.6,9900,100,true,
COOKED_CHICKEN,0.4,survival_food.yml,survival_food,10,1,21,/buy survival_food 1,1,40,40,0.4,39.6,39.6,9900,100,true,
COOKED_COD,10,survival_food.yml,survival_food,11,1,22,/buy survival_food 1,1,1000,1000,10,990,990,9900,100,true,
COOKED_MUTTON,0.4,survival_food.yml,survival_food,12,1,23,/buy survival_food 1,1,40,40,0.4,39.6,39.6,9900,100,true,
COOKED_PORKCHOP,0.4,survival_food.yml,survival_food,13,1,24,/buy survival_food 1,1,40,40,0.4,39.6,39.6,9900,100,true,
COOKED_RABBIT,0.4,survival_food.yml,survival_food,14,1,25,/buy survival_food 1,1,40,40,0.4,39.6,39.6,9900,100,true,
COOKED_SALMON,10,survival_food.yml,survival_food,15,1,28,/buy survival_food 1,1,1000,1000,10,990,990,9900,100,true,
COOKIE,0.12,survival_food.yml,survival_food,16,1,29,/buy survival_food 1,1,12,12,0.12,11.88,11.88,9900,100,true,
COPPER_AXE,1.76,survival_ores_copper.yml,survival_ores_copper,133,7,14,/buy survival_ores_copper 7,1,176,176,1.76,174.24,174.24,9900,100,true,
COPPER_AXE,1.76,survival_tools.yml,survival_tools,45,1,21,/buy survival_tools 1,1,176,176,1.76,174.24,174.24,9900,100,true,
COPPER_AXE,1.76,survival_weapons.yml,survival_weapons,31,1,21,/buy survival_weapons 1,1,176,176,1.76,174.24,174.24,9900,100,true,
COPPER_BARS,0.19,survival_ores_copper.yml,survival_ores_copper,53,3,20,/buy survival_ores_copper 3,1,19,19,0.19,18.81,18.81,9900,100,true,
COPPER_BLOCK,4.68,survival_blocks.yml,survival_blocks,13,1,24,/buy survival_blocks 1,1,468,468,4.68,463.32,463.32,9900,100,true,
COPPER_BLOCK,4.68,survival_ores_copper.yml,survival_ores_copper,6,1,15,/buy survival_ores_copper 1,1,468,468,4.68,463.32,463.32,9900,100,true,
COPPER_BOOTS,2.08,survival_armor.yml,survival_armor,38,1,39,/buy survival_armor 1,1,208,208,2.08,205.92,205.92,9900,100,true,
COPPER_BOOTS,2.08,survival_ores_copper.yml,survival_ores_copper,140,7,23,/buy survival_ores_copper 7,1,208,208,2.08,205.92,205.92,9900,100,true,
COPPER_BULB,3.66,survival_ores_copper.yml,survival_ores_copper,49,3,16,/buy survival_ores_copper 3,1,366,366,3.66,362.34,362.34,9900,100,true,
COPPER_CHAIN,0.62,survival_ores_copper.yml,survival_ores_copper,54,3,21,/buy survival_ores_copper 3,1,62,62,0.62,61.38,61.38,9900,100,true,
COPPER_CHEST,5.18,survival_ores_copper.yml,survival_ores_copper,55,3,22,/buy survival_ores_copper 3,1,518,518,5.18,512.82,512.82,9900,100,true,
COPPER_CHESTPLATE,4.16,survival_armor.yml,survival_armor,36,1,21,/buy survival_armor 1,1,416,416,4.16,411.84,411.84,9900,100,true,
COPPER_CHESTPLATE,4.16,survival_ores_copper.yml,survival_ores_copper,138,7,21,/buy survival_ores_copper 7,1,416,416,4.16,411.84,411.84,9900,100,true,
COPPER_DOOR,1.04,survival_ores_copper.yml,survival_ores_copper,38,2,30,/buy survival_ores_copper 2,1,104,104,1.04,102.96,102.96,9900,100,true,
COPPER_GOLEM_STATUE,50,survival_ores_copper.yml,survival_ores_copper,56,3,23,/buy survival_ores_copper 3,1,5000,5000,50,4950,4950,9900,100,true,
COPPER_GRATE,1.19,survival_ores_copper.yml,survival_ores_copper,40,2,32,/buy survival_ores_copper 2,1,119,119,1.19,117.81,117.81,9900,100,true,
COPPER_HELMET,2.6,survival_armor.yml,survival_armor,35,1,12,/buy survival_armor 1,1,260,260,2.6,257.4,257.4,9900,100,true,
COPPER_HELMET,2.6,survival_ores_copper.yml,survival_ores_copper,137,7,20,/buy survival_ores_copper 7,1,260,260,2.6,257.4,257.4,9900,100,true,
COPPER_HOE,1.24,survival_ores_copper.yml,survival_ores_copper,135,7,16,/buy survival_ores_copper 7,1,124,124,1.24,122.76,122.76,9900,100,true,
COPPER_HOE,1.24,survival_tools.yml,survival_tools,47,1,39,/buy survival_tools 1,1,124,124,1.24,122.76,122.76,9900,100,true,
COPPER_HORSE_ARMOR,15,survival_armor.yml,survival_armor,33,2,11,/buy survival_armor 2,1,1500,1500,15,1485,1485,9900,100,true,
COPPER_HORSE_ARMOR,15,survival_ores_copper.yml,survival_ores_copper,141,7,24,/buy survival_ores_copper 7,1,1500,1500,15,1485,1485,9900,100,true,
COPPER_INGOT,0.51,survival_ores_copper.yml,survival_ores_copper,2,1,11,/buy survival_ores_copper 1,1,51,51,0.51,50.49,50.49,9900,100,true,
COPPER_LANTERN,0.74,survival_ores_copper.yml,survival_ores_copper,57,3,24,/buy survival_ores_copper 3,1,74,74,0.74,73.26,73.26,9900,100,true,
COPPER_LEGGINGS,3.64,survival_armor.yml,survival_armor,37,1,30,/buy survival_armor 1,1,364,364,3.64,360.36,360.36,9900,100,true,
COPPER_LEGGINGS,3.64,survival_ores_copper.yml,survival_ores_copper,139,7,22,/buy survival_ores_copper 7,1,364,364,3.64,360.36,360.36,9900,100,true,
COPPER_NAUTILUS_ARMOR,100,survival_armor.yml,survival_armor,39,2,20,/buy survival_armor 2,1,10000,10000,100,9900,9900,9900,100,true,
COPPER_NAUTILUS_ARMOR,100,survival_ores_copper.yml,survival_ores_copper,142,7,25,/buy survival_ores_copper 7,1,10000,10000,100,9900,9900,9900,100,true,
COPPER_NUGGET,0.05,survival_ores_copper.yml,survival_ores_copper,58,3,25,/buy survival_ores_copper 3,1,5,5,0.05,4.95,4.95,9900,100,true,
COPPER_ORE,0.5,survival_ores_copper.yml,survival_ores_copper,5,1,14,/buy survival_ores_copper 1,1,50,50,0.5,49.5,49.5,9900,100,true,
COPPER_PICKAXE,1.76,survival_ores_copper.yml,survival_ores_copper,132,7,13,/buy survival_ores_copper 7,1,176,176,1.76,174.24,174.24,9900,100,true,
COPPER_PICKAXE,1.76,survival_tools.yml,survival_tools,44,1,12,/buy survival_tools 1,1,176,176,1.76,174.24,174.24,9900,100,true,
COPPER_SHOVEL,0.72,survival_ores_copper.yml,survival_ores_copper,134,7,15,/buy survival_ores_copper 7,1,72,72,0.72,71.28,71.28,9900,100,true,
COPPER_SHOVEL,0.72,survival_tools.yml,survival_tools,46,1,30,/buy survival_tools 1,1,72,72,0.72,71.28,71.28,9900,100,true,
COPPER_SPEAR,0.72,survival_ores_copper.yml,survival_ores_copper,136,7,19,/buy survival_ores_copper 7,1,72,72,0.72,71.28,71.28,9900,100,true,
COPPER_SPEAR,0.72,survival_weapons.yml,survival_weapons,24,1,30,/buy survival_weapons 1,1,72,72,0.72,71.28,71.28,9900,100,true,
COPPER_SWORD,1.14,survival_ores_copper.yml,survival_ores_copper,131,7,12,/buy survival_ores_copper 7,1,114,114,1.14,112.86,112.86,9900,100,true,
COPPER_SWORD,1.14,survival_weapons.yml,survival_weapons,23,1,12,/buy survival_weapons 1,1,114,114,1.14,112.86,112.86,9900,100,true,
COPPER_TORCH,0.33,survival_ores_copper.yml,survival_ores_copper,59,3,28,/buy survival_ores_copper 3,1,33,33,0.33,32.67,32.67,9900,100,true,
COPPER_TRAPDOOR,2.08,survival_ores_copper.yml,survival_ores_copper,39,2,31,/buy survival_ores_copper 2,1,208,208,2.08,205.92,205.92,9900,100,true,
CORNFLOWER,0.2,survival_farming_plants.yml,survival_farming_plants,11,1,22,/buy survival_farming_plants 1,1,20,20,0.2,19.8,19.8,9900,100,true,
CRACKED_DEEPSLATE_BRICKS,0.3,survival_deepslate.yml,survival_deepslate,15,1,32,/buy survival_deepslate 1,1,30,30,0.3,29.7,29.7,9900,100,true,
CRACKED_DEEPSLATE_TILES,0.3,survival_deepslate.yml,survival_deepslate,20,1,41,/buy survival_deepslate 1,1,30,30,0.3,29.7,29.7,9900,100,true,
CRACKED_NETHER_BRICKS,1.22,survival_nether.yml,survival_nether,14,1,25,/buy survival_nether 1,1,122,122,1.22,120.78,120.78,9900,100,true,
CRACKED_POLISHED_BLACKSTONE_BRICKS,0.4,survival_blackstone.yml,survival_blackstone,17,1,32,/buy survival_blackstone 1,1,40,40,0.4,39.6,39.6,9900,100,true,
CRACKED_STONE_BRICKS,0.3,survival_stone.yml,survival_stone,13,1,24,/buy survival_stone 1,1,30,30,0.3,29.7,29.7,9900,100,true,
CRAFTER,130.44,,,,,,,,,,,,,,,false,not listed
CRAFTING_TABLE,0.98,,,,,,,,,,,,,,,false,not listed
CREAKING_HEART,4.37,,,,,,,,,,,,,,,false,not listed
CREEPER_BANNER_PATTERN,153.28,,,,,,,,,,,,,,,false,not listed
CREEPER_HEAD,150,survival_mobdrops.yml,survival_mobdrops,31,2,22,/buy survival_mobdrops 2,1,15000,15000,150,14850,14850,9900,100,true,
CRIMSON_BUTTON,0.3,survival_wood_products.yml,survival_wood_products,98,4,40,/buy survival_wood_products 4,1,30,30,0.3,29.7,29.7,9900,100,true,
CRIMSON_DOOR,0.61,survival_wood_products.yml,survival_wood_products,74,3,40,/buy survival_wood_products 3,1,61,61,0.61,60.39,60.39,9900,100,true,
CRIMSON_FENCE,0.47,survival_wood_products.yml,survival_wood_products,50,2,40,/buy survival_wood_products 2,1,47,47,0.47,46.53,46.53,9900,100,true,
CRIMSON_FENCE_GATE,1.01,survival_wood_products.yml,survival_wood_products,62,3,22,/buy survival_wood_products 3,1,101,101,1.01,99.99,99.99,9900,100,true,
CRIMSON_FUNGUS,0.3,survival_nether.yml,survival_nether,34,2,23,/buy survival_nether 2,1,30,30,0.3,29.7,29.7,9900,100,true,
CRIMSON_HANGING_SIGN,18.12,survival_wood_products.yml,survival_wood_products,134,6,22,/buy survival_wood_products 6,1,1812,1812,18.12,1793.88,1793.88,9900,100,true,
CRIMSON_HYPHAE,1.63,survival_logs.yml,survival_logs,24,2,12,/buy survival_logs 2,1,163,163,1.63,161.37,161.37,9900,100,true,
CRIMSON_NYLIUM,0.3,survival_blocks.yml,survival_blocks,58,3,28,/buy survival_blocks 3,1,30,30,0.3,29.7,29.7,9900,100,true,
CRIMSON_NYLIUM,0.3,survival_nether.yml,survival_nether,32,2,21,/buy survival_nether 2,1,30,30,0.3,29.7,29.7,9900,100,true,
CRIMSON_PLANKS,0.3,survival_wood_products.yml,survival_wood_products,11,1,22,/buy survival_wood_products 1,1,30,30,0.3,29.7,29.7,9900,100,true,
CRIMSON_PRESSURE_PLATE,0.61,survival_wood_products.yml,survival_wood_products,110,5,22,/buy survival_wood_products 5,1,61,61,0.61,60.39,60.39,9900,100,true,
CRIMSON_ROOTS,0.2,survival_nether.yml,survival_nether,36,2,25,/buy survival_nether 2,1,20,20,0.2,19.8,19.8,9900,100,true,
CRIMSON_SHELF,1.12,survival_logs.yml,survival_logs,80,4,28,/buy survival_logs 4,1,112,112,1.12,110.88,110.88,9900,100,true,
CRIMSON_SIGN,1.3,survival_wood_products.yml,survival_wood_products,122,5,40,/buy survival_wood_products 5,1,130,130,1.3,128.7,128.7,9900,100,true,
CRIMSON_SLAB,0.15,survival_wood_products.yml,survival_wood_products,24,1,40,/buy survival_wood_products 1,1,15,15,0.15,14.85,14.85,9900,100,true,
CRIMSON_STAIRS,0.45,survival_wood_products.yml,survival_wood_products,37,2,22,/buy survival_wood_products 2,1,45,45,0.45,44.55,44.55,9900,100,true,
CRIMSON_STEM,1.2,survival_logs.yml,survival_logs,10,1,21,/buy survival_logs 1,1,120,120,1.2,118.8,118.8,9900,100,true,
CRIMSON_TRAPDOOR,0.91,survival_wood_products.yml,survival_wood_products,86,4,22,/buy survival_wood_products 4,1,91,91,0.91,90.09,90.09,9900,100,true,
CROSSBOW,40,survival_weapons.yml,survival_weapons,14,2,11,/buy survival_weapons 2,1,4000,4000,40,3960,3960,9900,100,true,
CRYING_OBSIDIAN,2,survival_nether.yml,survival_nether,9,1,20,/buy survival_nether 1,1,200,200,2,198,198,9900,100,true,
CUT_COPPER,1.19,survival_ores_copper.yml,survival_ores_copper,7,1,16,/buy survival_ores_copper 1,1,119,119,1.19,117.81,117.81,9900,100,true,
CUT_COPPER_SLAB,0.59,survival_ores_copper.yml,survival_ores_copper,15,1,28,/buy survival_ores_copper 1,1,59,59,0.59,58.41,58.41,9900,100,true,
CUT_COPPER_STAIRS,1.19,survival_ores_copper.yml,survival_ores_copper,16,1,29,/buy survival_ores_copper 1,1,119,119,1.19,117.81,117.81,9900,100,true,
CUT_RED_SANDSTONE,0.16,survival_blocks.yml,survival_blocks,64,4,11,/buy survival_blocks 4,1,16,16,0.16,15.84,15.84,9900,100,true,
CUT_RED_SANDSTONE_SLAB,0.08,survival_blocks.yml,survival_blocks,72,4,21,/buy survival_blocks 4,1,8,8,0.08,7.92,7.92,9900,100,true,
CUT_SANDSTONE,0.12,survival_blocks.yml,survival_blocks,63,4,10,/buy survival_blocks 4,1,12,12,0.12,11.88,11.88,9900,100,true,
CUT_SANDSTONE_SLAB,0.06,survival_blocks.yml,survival_blocks,71,4,20,/buy survival_blocks 4,1,6,6,0.06,5.94,5.94,9900,100,true,
CYAN_BANNER,1,survival_wools.yml,survival_wools,58,4,21,/buy survival_wools 4,1,100,100,1,99,99,9900,100,true,
CYAN_BED,1.96,survival_wools.yml,survival_wools,42,3,21,/buy survival_wools 3,1,196,196,1.96,194.04,194.04,9900,100,true,
CYAN_BUNDLE,0.44,survival_misc.yml,survival_misc,31,2,22,/buy survival_misc 2,1,44,44,0.44,43.56,43.56,9900,100,true,
CYAN_CANDLE,4.18,survival_misc.yml,survival_misc,15,1,28,/buy survival_misc 1,1,418,418,4.18,413.82,413.82,9900,100,true,
CYAN_CARPET,0.34,survival_wools.yml,survival_wools,27,2,22,/buy survival_wools 2,1,34,34,0.34,33.66,33.66,9900,100,true,
CYAN_CONCRETE,0.05,survival_concrete.yml,survival_concrete,17,1,30,/buy survival_concrete 1,1,5,5,0.05,4.95,4.95,9900,100,true,
CYAN_CONCRETE_POWDER,0.05,survival_concrete.yml,survival_concrete,18,1,31,/buy survival_concrete 1,1,5,5,0.05,4.95,4.95,9900,100,true,
CYAN_DYE,0.1,survival_dyes.yml,survival_dyes,11,1,22,/buy survival_dyes 1,1,10,10,0.1,9.9,9.9,9900,100,true,
CYAN_GLAZED_TERRACOTTA,0.31,survival_terracotta.yml,survival_terracotta,28,2,22,/buy survival_terracotta 2,1,31,31,0.31,30.69,30.69,9900,100,true,
CYAN_HARNESS,1.33,survival_armor.yml,survival_armor,50,3,22,/buy survival_armor 3,1,133,133,1.33,131.67,131.67,9900,100,true,
CYAN_SHULKER_BOX,2040.1,survival_end.yml,survival_end,28,2,16,/buy survival_end 2,1,204010,204010,2040.1,201969.9,201969.9,9900,100,true,
CYAN_STAINED_GLASS,0.05,survival_glass.yml,survival_glass,13,1,24,/buy survival_glass 1,1,5,5,0.05,4.95,4.95,9900,100,true,
CYAN_STAINED_GLASS_PANE,0.01,survival_glass.yml,survival_glass,30,2,20,/buy survival_glass 2,1,1,1,0.01,0.99,0.99,9900,100,true,
CYAN_TERRACOTTA,0.31,survival_terracotta.yml,survival_terracotta,12,1,23,/buy survival_terracotta 1,1,31,31,0.31,30.69,30.69,9900,100,true,
CYAN_WOOL,0.51,survival_wools.yml,survival_wools,11,1,22,/buy survival_wools 1,1,51,51,0.51,50.49,50.49,9900,100,true,
DAMAGED_ANVIL,20,,,,,,,,,,,,,,,false,not listed
DANDELION,0.2,survival_farming_plants.yml,survival_farming_plants,1,1,10,/buy survival_farming_plants 1,1,20,20,0.2,19.8,19.8,9900,100,true,
DANGER_POTTERY_SHERD,25,survival_sherds.yml,survival_sherds,7,1,16,/buy survival_sherds 1,1,2500,2500,25,2475,2475,9900,100,true,
DARK_OAK_BOAT,1.23,survival_wood_products.yml,survival_wood_products,141,7,15,/buy survival_wood_products 7,1,123,123,1.23,121.77,121.77,9900,100,true,
DARK_OAK_BUTTON,0.23,survival_wood_products.yml,survival_wood_products,93,4,33,/buy survival_wood_products 4,1,23,23,0.23,22.77,22.77,9900,100,true,
DARK_OAK_CHEST_BOAT,2.27,survival_wood_products.yml,survival_wood_products,151,7,33,/buy survival_wood_products 7,1,227,227,2.27,224.73,224.73,9900,100,true,
DARK_OAK_DOOR,0.49,survival_wood_products.yml,survival_wood_products,69,3,33,/buy survival_wood_products 3,1,49,49,0.49,48.51,48.51,9900,100,true,
DARK_OAK_FENCE,0.39,survival_wood_products.yml,survival_wood_products,45,2,33,/buy survival_wood_products 2,1,39,39,0.39,38.61,38.61,9900,100,true,
DARK_OAK_FENCE_GATE,0.31,survival_wood_products.yml,survival_wood_products,57,3,15,/buy survival_wood_products 3,1,31,31,0.31,30.69,30.69,9900,100,true,
DARK_OAK_HANGING_SIGN,17.99,survival_wood_products.yml,survival_wood_products,129,6,15,/buy survival_wood_products 6,1,1799,1799,17.99,1781.01,1781.01,9900,100,true,
DARK_OAK_LEAVES,0.4,survival_farming_trees.yml,survival_farming_trees,15,1,28,/buy survival_farming_trees 1,1,40,40,0.4,39.6,39.6,9900,100,true,
DARK_OAK_LEAVES,0.4,survival_logs.yml,survival_logs,64,3,33,/buy survival_logs 3,1,40,40,0.4,39.6,39.6,9900,100,true,
DARK_OAK_LOG,1,survival_logs.yml,survival_logs,6,1,15,/buy survival_logs 1,1,100,100,1,99,99,9900,100,true,
DARK_OAK_PLANKS,0.23,survival_wood_products.yml,survival_wood_products,6,1,15,/buy survival_wood_products 1,1,23,23,0.23,22.77,22.77,9900,100,true,
DARK_OAK_PRESSURE_PLATE,0.48,survival_wood_products.yml,survival_wood_products,105,5,15,/buy survival_wood_products 5,1,48,48,0.48,47.52,47.52,9900,100,true,
DARK_OAK_SAPLING,0.31,survival_farming_trees.yml,survival_farming_trees,6,1,15,/buy survival_farming_trees 1,1,31,31,0.31,30.69,30.69,9900,100,true,
DARK_OAK_SAPLING,0.31,survival_logs.yml,survival_logs,53,3,22,/buy survival_logs 3,1,31,31,0.31,30.69,30.69,9900,100,true,
DARK_OAK_SHELF,0.99,survival_logs.yml,survival_logs,75,4,21,/buy survival_logs 4,1,99,99,0.99,98.01,98.01,9900,100,true,
DARK_OAK_SIGN,1.3,survival_wood_products.yml,survival_wood_products,117,5,33,/buy survival_wood_products 5,1,130,130,1.3,128.7,128.7,9900,100,true,
DARK_OAK_SLAB,0.11,survival_wood_products.yml,survival_wood_products,19,1,33,/buy survival_wood_products 1,1,11,11,0.11,10.89,10.89,9900,100,true,
DARK_OAK_STAIRS,0.36,survival_wood_products.yml,survival_wood_products,32,2,15,/buy survival_wood_products 2,1,36,36,0.36,35.64,35.64,9900,100,true,
DARK_OAK_TRAPDOOR,0.74,survival_wood_products.yml,survival_wood_products,81,4,15,/buy survival_wood_products 4,1,74,74,0.74,73.26,73.26,9900,100,true,
DARK_OAK_WOOD,1.31,survival_logs.yml,survival_logs,20,1,33,/buy survival_logs 1,1,131,131,1.31,129.69,129.69,9900,100,true,
DARK_PRISMARINE,1.7,survival_prismarine.yml,survival_prismarine,8,1,28,/buy survival_prismarine 1,1,170,170,1.7,168.3,168.3,9900,100,true,
DARK_PRISMARINE_SLAB,0.9,survival_prismarine.yml,survival_prismarine,9,1,29,/buy survival_prismarine 1,1,90,90,0.9,89.1,89.1,9900,100,true,
DARK_PRISMARINE_STAIRS,2.6,survival_prismarine.yml,survival_prismarine,10,1,30,/buy survival_prismarine 1,1,260,260,2.6,257.4,257.4,9900,100,true,
DAYLIGHT_DETECTOR,1.13,survival_ores_redstone.yml,survival_ores_redstone,18,1,31,/buy survival_ores_redstone 1,1,113,113,1.13,111.87,111.87,9900,100,true,
DEAD_BRAIN_CORAL,1,survival_coral.yml,survival_coral,4,1,13,/buy survival_coral 1,1,100,100,1,99,99,9900,100,true,
DEAD_BRAIN_CORAL_BLOCK,1,survival_coral.yml,survival_coral,5,1,14,/buy survival_coral 1,1,100,100,1,99,99,9900,100,true,
DEAD_BRAIN_CORAL_FAN,1,survival_coral.yml,survival_coral,6,1,15,/buy survival_coral 1,1,100,100,1,99,99,9900,100,true,
DEAD_BUBBLE_CORAL,1,survival_coral.yml,survival_coral,10,1,21,/buy survival_coral 1,1,100,100,1,99,99,9900,100,true,
DEAD_BUBBLE_CORAL_BLOCK,1,survival_coral.yml,survival_coral,11,1,22,/buy survival_coral 1,1,100,100,1,99,99,9900,100,true,
DEAD_BUBBLE_CORAL_FAN,1,survival_coral.yml,survival_coral,12,1,23,/buy survival_coral 1,1,100,100,1,99,99,9900,100,true,
DEAD_BUSH,0.3,survival_farming_plants.yml,survival_farming_plants,42,2,25,/buy survival_farming_plants 2,1,30,30,0.3,29.7,29.7,9900,100,true,
DEAD_FIRE_CORAL,1,survival_coral.yml,survival_coral,16,1,29,/buy survival_coral 1,1,100,100,1,99,99,9900,100,true,
DEAD_FIRE_CORAL_BLOCK,1,survival_coral.yml,survival_coral,17,1,30,/buy survival_coral 1,1,100,100,1,99,99,9900,100,true,
DEAD_FIRE_CORAL_FAN,1,survival_coral.yml,survival_coral,18,1,31,/buy survival_coral 1,1,100,100,1,99,99,9900,100,true,
DEAD_HORN_CORAL,1,survival_coral.yml,survival_coral,22,1,37,/buy survival_coral 1,1,100,100,1,99,99,9900,100,true,
DEAD_HORN_CORAL_BLOCK,1,survival_coral.yml,survival_coral,23,1,38,/buy survival_coral 1,1,100,100,1,99,99,9900,100,true,
DEAD_HORN_CORAL_FAN,1,survival_coral.yml,survival_coral,24,1,39,/buy survival_coral 1,1,100,100,1,99,99,9900,100,true,
DEAD_TUBE_CORAL,1,survival_coral.yml,survival_coral,28,1,43,/buy survival_coral 1,1,100,100,1,99,99,9900,100,true,
DEAD_TUBE_CORAL_BLOCK,1,survival_coral.yml,survival_coral,29,2,13,/buy survival_coral 2,1,100,100,1,99,99,9900,100,true,
DEAD_TUBE_CORAL_FAN,1,survival_coral.yml,survival_coral,34,2,14,/buy survival_coral 2,1,100,100,1,99,99,9900,100,true,
DEBUG_STICK,0.1,,,,,,,,,,,,,,,false,not listed
DECORATED_POT,2.44,survival_sherds.yml,survival_sherds,24,2,12,/buy survival_sherds 2,1,244,244,2.44,241.56,241.56,9900,100,true,
DEEPSLATE,0.4,survival_deepslate.yml,survival_deepslate,1,1,10,/buy survival_deepslate 1,1,40,40,0.4,39.6,39.6,9900,100,true,
DEEPSLATE_BRICKS,0.3,survival_deepslate.yml,survival_deepslate,11,1,28,/buy survival_deepslate 1,1,30,30,0.3,29.7,29.7,9900,100,true,
DEEPSLATE_BRICK_SLAB,0.15,survival_deepslate.yml,survival_deepslate,12,1,29,/buy survival_deepslate 1,1,15,15,0.15,14.85,14.85,9900,100,true,
DEEPSLATE_BRICK_STAIRS,0.3,survival_deepslate.yml,survival_deepslate,13,1,30,/buy survival_deepslate 1,1,30,30,0.3,29.7,29.7,9900,100,true,
DEEPSLATE_BRICK_WALL,0.3,survival_deepslate.yml,survival_deepslate,14,1,31,/buy survival_deepslate 1,1,30,30,0.3,29.7,29.7,9900,100,true,
DEEPSLATE_COAL_ORE,1.17,survival_ores_coal.yml,survival_ores_coal,4,1,13,/buy survival_ores_coal 1,1,117,117,1.17,115.83,115.83,9900,100,true,
DEEPSLATE_COPPER_ORE,0.5,survival_ores_copper.yml,survival_ores_copper,4,1,13,/buy survival_ores_copper 1,1,50,50,0.5,49.5,49.5,9900,100,true,
DEEPSLATE_DIAMOND_ORE,65,survival_ores_diamond.yml,survival_ores_diamond,3,1,12,/buy survival_ores_diamond 1,1,6500,6500,65,6435,6435,9900,100,true,
DEEPSLATE_EMERALD_ORE,1,survival_ores_emerald.yml,survival_ores_emerald,3,1,12,/buy survival_ores_emerald 1,1,100,100,1,99,99,9900,100,true,
DEEPSLATE_GOLD_ORE,2.6,survival_ores_gold.yml,survival_ores_gold,6,1,15,/buy survival_ores_gold 1,1,260,260,2.6,257.4,257.4,9900,100,true,
DEEPSLATE_IRON_ORE,2.75,survival_ores_iron.yml,survival_ores_iron,7,1,16,/buy survival_ores_iron 1,1,275,275,2.75,272.25,272.25,9900,100,true,
DEEPSLATE_LAPIS_ORE,0.78,survival_ores_lapis.yml,survival_ores_lapis,3,1,12,/buy survival_ores_lapis 1,1,78,78,0.78,77.22,77.22,9900,100,true,
DEEPSLATE_REDSTONE_ORE,0.5,survival_ores_redstone.yml,survival_ores_redstone,3,1,12,/buy survival_ores_redstone 1,1,50,50,0.5,49.5,49.5,9900,100,true,
DEEPSLATE_TILES,0.3,survival_deepslate.yml,survival_deepslate,16,1,37,/buy survival_deepslate 1,1,30,30,0.3,29.7,29.7,9900,100,true,
DEEPSLATE_TILE_SLAB,0.15,survival_deepslate.yml,survival_deepslate,17,1,38,/buy survival_deepslate 1,1,15,15,0.15,14.85,14.85,9900,100,true,
DEEPSLATE_TILE_STAIRS,0.3,survival_deepslate.yml,survival_deepslate,18,1,39,/buy survival_deepslate 1,1,30,30,0.3,29.7,29.7,9900,100,true,
DEEPSLATE_TILE_WALL,0.3,survival_deepslate.yml,survival_deepslate,19,1,40,/buy survival_deepslate 1,1,30,30,0.3,29.7,29.7,9900,100,true,
DETECTOR_RAIL,3.07,survival_ores_redstone.yml,survival_ores_redstone,27,2,15,/buy survival_ores_redstone 2,1,307,307,3.07,303.93,303.93,9900,100,true,
DIAMOND,65,survival_ores_diamond.yml,survival_ores_diamond,1,1,10,/buy survival_ores_diamond 1,1,6500,6500,65,6435,6435,9900,100,true,
DIAMOND_AXE,199.1,survival_ores_diamond.yml,survival_ores_diamond,7,1,16,/buy survival_ores_diamond 1,1,19910,19910,199.1,19710.9,19710.9,9900,100,true,
DIAMOND_AXE,199.1,survival_tools.yml,survival_tools,11,1,24,/buy survival_tools 1,1,19910,19910,199.1,19710.9,19710.9,9900,100,true,
DIAMOND_AXE,199.1,survival_weapons.yml,survival_weapons,11,1,24,/buy survival_weapons 1,1,19910,19910,199.1,19710.9,19710.9,9900,100,true,
DIAMOND_BLOCK,596.7,survival_ores_diamond.yml,survival_ores_diamond,2,1,11,/buy survival_ores_diamond 1,1,59670,59670,596.7,59073.3,59073.3,9900,100,true,
DIAMOND_BOOTS,265.2,survival_armor.yml,survival_armor,20,1,42,/buy survival_armor 1,1,26520,26520,265.2,26254.8,26254.8,9900,100,true,
DIAMOND_BOOTS,265.2,survival_ores_diamond.yml,survival_ores_diamond,13,1,24,/buy survival_ores_diamond 1,1,26520,26520,265.2,26254.8,26254.8,9900,100,true,
DIAMOND_CHESTPLATE,530.4,survival_armor.yml,survival_armor,18,1,24,/buy survival_armor 1,1,53040,53040,530.4,52509.6,52509.6,9900,100,true,
DIAMOND_CHESTPLATE,530.4,survival_ores_diamond.yml,survival_ores_diamond,11,1,22,/buy survival_ores_diamond 1,1,53040,53040,530.4,52509.6,52509.6,9900,100,true,
DIAMOND_HELMET,331.5,survival_armor.yml,survival_armor,17,1,15,/buy survival_armor 1,1,33150,33150,331.5,32818.5,32818.5,9900,100,true,
DIAMOND_HELMET,331.5,survival_ores_diamond.yml,survival_ores_diamond,10,1,21,/buy survival_ores_diamond 1,1,33150,33150,331.5,32818.5,32818.5,9900,100,true,
DIAMOND_HOE,132.8,survival_ores_diamond.yml,survival_ores_diamond,9,1,20,/buy survival_ores_diamond 1,1,13280,13280,132.8,13147.2,13147.2,9900,100,true,
DIAMOND_HOE,132.8,survival_tools.yml,survival_tools,23,1,42,/buy survival_tools 1,1,13280,13280,132.8,13147.2,13147.2,9900,100,true,
DIAMOND_HORSE_ARMOR,75,survival_armor.yml,survival_armor,29,2,14,/buy survival_armor 2,1,7500,7500,75,7425,7425,9900,100,true,
DIAMOND_HORSE_ARMOR,75,survival_ores_diamond.yml,survival_ores_diamond,14,1,25,/buy survival_ores_diamond 1,1,7500,7500,75,7425,7425,9900,100,true,
DIAMOND_LEGGINGS,464.1,survival_armor.yml,survival_armor,19,1,33,/buy survival_armor 1,1,46410,46410,464.1,45945.9,45945.9,9900,100,true,
DIAMOND_LEGGINGS,464.1,survival_ores_diamond.yml,survival_ores_diamond,12,1,23,/buy survival_ores_diamond 1,1,46410,46410,464.1,45945.9,45945.9,9900,100,true,
DIAMOND_NAUTILUS_ARMOR,350,survival_armor.yml,survival_armor,58,2,23,/buy survival_armor 2,1,35000,35000,350,34650,34650,9900,100,true,
DIAMOND_NAUTILUS_ARMOR,350,survival_ores_diamond.yml,survival_ores_diamond,19,1,31,/buy survival_ores_diamond 1,1,35000,35000,350,34650,34650,9900,100,true,
DIAMOND_ORE,65,survival_ores_diamond.yml,survival_ores_diamond,4,1,13,/buy survival_ores_diamond 1,1,6500,6500,65,6435,6435,9900,100,true,
DIAMOND_PICKAXE,199.1,survival_ores_diamond.yml,survival_ores_diamond,6,1,15,/buy survival_ores_diamond 1,1,19910,19910,199.1,19710.9,19710.9,9900,100,true,
DIAMOND_PICKAXE,199.1,survival_tools.yml,survival_tools,5,1,15,/buy survival_tools 1,1,19910,19910,199.1,19710.9,19710.9,9900,100,true,
DIAMOND_SHOVEL,66.5,survival_ores_diamond.yml,survival_ores_diamond,8,1,19,/buy survival_ores_diamond 1,1,6650,6650,66.5,6583.5,6583.5,9900,100,true,
DIAMOND_SHOVEL,66.5,survival_tools.yml,survival_tools,17,1,33,/buy survival_tools 1,1,6650,6650,66.5,6583.5,6583.5,9900,100,true,
DIAMOND_SPEAR,66.5,survival_ores_diamond.yml,survival_ores_diamond,18,1,30,/buy survival_ores_diamond 1,1,6650,6650,66.5,6583.5,6583.5,9900,100,true,
DIAMOND_SPEAR,66.5,survival_weapons.yml,survival_weapons,29,1,33,/buy survival_weapons 1,1,6650,6650,66.5,6583.5,6583.5,9900,100,true,
DIAMOND_SWORD,132.7,survival_ores_diamond.yml,survival_ores_diamond,5,1,14,/buy survival_ores_diamond 1,1,13270,13270,132.7,13137.3,13137.3,9900,100,true,
DIAMOND_SWORD,132.7,survival_weapons.yml,survival_weapons,5,1,15,/buy survival_weapons 1,1,13270,13270,132.7,13137.3,13137.3,9900,100,true,
DIORITE,0.44,survival_blocks.yml,survival_blocks,8,1,19,/buy survival_blocks 1,1,44,44,0.44,43.56,43.56,9900,100,true,
DIORITE_SLAB,0.44,,,,,,,,,,,,,,,false,not listed
DIORITE_STAIRS,0.44,,,,,,,,,,,,,,,false,not listed
DIORITE_WALL,0.44,,,,,,,,,,,,,,,false,not listed
DIRT,0.1,survival_dirts.yml,survival_dirts,1,1,10,/buy survival_dirts 1,1,10,10,0.1,9.9,9.9,9900,100,true,
DIRT_PATH,0.3,,,,,,,,,,,,,,,false,not listed
DISC_FRAGMENT_5,5,survival_music_discs.yml,survival_music_discs,15,1,28,/buy survival_music_discs 1,1,500,500,5,495,495,9900,100,true,
DISPENSER,2.16,survival_ores_redstone.yml,survival_ores_redstone,12,1,23,/buy survival_ores_redstone 1,1,216,216,2.16,213.84,213.84,9900,100,true,
DRAGON_BREATH,0.5,survival_end.yml,survival_end,14,1,25,/buy survival_end 1,1,50,50,0.5,49.5,49.5,9900,100,true,
DRAGON_EGG,2750,survival_end.yml,survival_end,15,1,28,/buy survival_end 1,1,275000,275000,2750,272250,272250,9900,100,true,
DRAGON_HEAD,1500,survival_end.yml,survival_end,16,1,29,/buy survival_end 1,1,150000,150000,1500,148500,148500,9900,100,true,
DRIED_GHAST,500,survival_nether.yml,survival_nether,50,3,16,/buy survival_nether 3,1,50000,50000,500,49500,49500,9900,100,true,
DRIED_KELP,0.7,survival_food.yml,survival_food,17,1,30,/buy survival_food 1,1,70,70,0.7,69.3,69.3,9900,100,true,
DRIED_KELP_BLOCK,6.3,survival_ores_coal.yml,survival_ores_coal,7,1,16,/buy survival_ores_coal 1,1,630,630,6.3,623.7,623.7,9900,100,true,
DRIPSTONE_BLOCK,4,survival_blocks.yml,survival_blocks,49,3,16,/buy survival_blocks 3,1,400,400,4,396,396,9900,100,true,
DROPPER,1.69,survival_ores_redstone.yml,survival_ores_redstone,11,1,22,/buy survival_ores_redstone 1,1,169,169,1.69,167.31,167.31,9900,100,true,
DUNE_ARMOR_TRIM_SMITHING_TEMPLATE,250,island_templates.yml,island_templates,3,1,12,/buy island_templates 1,1,25000,25000,250,24750,24750,9900,100,true,
ECHO_SHARD,5,survival_misc.yml,survival_misc,42,2,40,/buy survival_misc 2,1,500,500,5,495,495,9900,100,true,
EGG,1,survival_mobdrops.yml,survival_mobdrops,25,2,13,/buy survival_mobdrops 2,1,100,100,1,99,99,9900,100,true,
ELYTRA,1250,survival_armor.yml,survival_armor,30,2,30,/buy survival_armor 2,1,125000,125000,1250,123750,123750,9900,100,true,
ELYTRA,1250,survival_end.yml,survival_end,17,1,30,/buy survival_end 1,1,125000,125000,1250,123750,123750,9900,100,true,
EMERALD,1,survival_ores_emerald.yml,survival_ores_emerald,1,1,10,/buy survival_ores_emerald 1,1,100,100,1,99,99,9900,100,true,
EMERALD_BLOCK,9,survival_ores_emerald.yml,survival_ores_emerald,2,1,11,/buy survival_ores_emerald 1,1,900,900,9,891,891,9900,100,true,
EMERALD_ORE,1,survival_ores_emerald.yml,survival_ores_emerald,4,1,13,/buy survival_ores_emerald 1,1,100,100,1,99,99,9900,100,true,
ENCHANTED_BOOK,30,,,,,,,,,,,,,,,false,not listed
ENCHANTED_GOLDEN_APPLE,600,survival_food.yml,survival_food,18,1,31,/buy survival_food 1,1,60000,60000,600,59400,59400,9900,100,true,
ENCHANTED_GOLDEN_APPLE,600,survival_ores_gold.yml,survival_ores_gold,12,1,23,/buy survival_ores_gold 1,1,60000,60000,600,59400,59400,9900,100,true,
ENCHANTING_TABLE,136.82,survival_ores_diamond.yml,survival_ores_diamond,15,1,28,/buy survival_ores_diamond 1,1,13682,13682,136.82,13545.18,13545.18,9900,100,true,
ENCHANTING_TABLE,136.82,survival_ores_lapis.yml,survival_ores_lapis,5,1,14,/buy survival_ores_lapis 1,1,13682,13682,136.82,13545.18,13545.18,9900,100,true,
ENDER_CHEST,20.99,,,,,,,,,,,,,,,false,not listed
ENDER_EYE,0.67,survival_end.yml,survival_end,40,2,32,/buy survival_end 2,1,67,67,0.67,66.33,66.33,9900,100,true,
ENDER_PEARL,0.55,survival_end.yml,survival_end,22,2,10,/buy survival_end 2,1,55,55,0.55,54.45,54.45,9900,100,true,
ENDER_PEARL,0.55,survival_mobdrops.yml,survival_mobdrops,6,1,15,/buy survival_mobdrops 1,1,55,55,0.55,54.45,54.45,9900,100,true,
END_CRYSTAL,169.26,survival_end.yml,survival_end,19,1,32,/buy survival_end 1,1,16926,16926,169.26,16756.74,16756.74,9900,100,true,
END_PORTAL_FRAME,0.1,,,,,,,,,,,,,,,false,not listed
END_ROD,3,survival_end.yml,survival_end,13,1,24,/buy survival_end 1,1,300,300,3,297,297,9900,100,true,
END_STONE,0.45,survival_blocks.yml,survival_blocks,33,2,23,/buy survival_blocks 2,1,45,45,0.45,44.55,44.55,9900,100,true,
END_STONE,0.45,survival_end.yml,survival_end,1,1,10,/buy survival_end 1,1,45,45,0.45,44.55,44.55,9900,100,true,
END_STONE_BRICKS,1.8,survival_end.yml,survival_end,2,1,11,/buy survival_end 1,1,180,180,1.8,178.2,178.2,9900,100,true,
END_STONE_BRICK_SLAB,1.83,survival_end.yml,survival_end,3,1,12,/buy survival_end 1,1,183,183,1.83,181.17,181.17,9900,100,true,
END_STONE_BRICK_STAIRS,1.83,survival_end.yml,survival_end,4,1,13,/buy survival_end 1,1,183,183,1.83,181.17,181.17,9900,100,true,
END_STONE_BRICK_WALL,1.8,survival_end.yml,survival_end,41,1,34,/buy survival_end 1,1,180,180,1.8,178.2,178.2,9900,100,true,
EXPERIENCE_BOTTLE,1.8,,,,,,,,,,,,,,,false,not listed
EXPLORER_POTTERY_SHERD,25,survival_sherds.yml,survival_sherds,8,1,19,/buy survival_sherds 1,1,2500,2500,25,2475,2475,9900,100,true,
EXPOSED_CHISELED_COPPER,1.19,survival_ores_copper.yml,survival_ores_copper,42,2,34,/buy survival_ores_copper 2,1,119,119,1.19,117.81,117.81,9900,100,true,
EXPOSED_COPPER,4.68,survival_ores_copper.yml,survival_ores_copper,8,1,19,/buy survival_ores_copper 1,1,468,468,4.68,463.32,463.32,9900,100,true,
EXPOSED_COPPER_BARS,0.19,survival_ores_copper.yml,survival_ores_copper,61,3,30,/buy survival_ores_copper 3,1,19,19,0.19,18.81,18.81,9900,100,true,
EXPOSED_COPPER_BULB,3.66,survival_ores_copper.yml,survival_ores_copper,62,3,31,/buy survival_ores_copper 3,1,366,366,3.66,362.34,362.34,9900,100,true,
EXPOSED_COPPER_CHAIN,0.62,survival_ores_copper.yml,survival_ores_copper,63,3,32,/buy survival_ores_copper 3,1,62,62,0.62,61.38,61.38,9900,100,true,
EXPOSED_COPPER_CHEST,5.18,survival_ores_copper.yml,survival_ores_copper,64,3,33,/buy survival_ores_copper 3,1,518,518,5.18,512.82,512.82,9900,100,true,
EXPOSED_COPPER_DOOR,1.04,survival_ores_copper.yml,survival_ores_copper,65,3,34,/buy survival_ores_copper 3,1,104,104,1.04,102.96,102.96,9900,100,true,
EXPOSED_COPPER_GOLEM_STATUE,50,survival_ores_copper.yml,survival_ores_copper,66,4,10,/buy survival_ores_copper 4,1,5000,5000,50,4950,4950,9900,100,true,
EXPOSED_COPPER_GRATE,1.19,survival_ores_copper.yml,survival_ores_copper,67,4,11,/buy survival_ores_copper 4,1,119,119,1.19,117.81,117.81,9900,100,true,
EXPOSED_COPPER_LANTERN,0.74,survival_ores_copper.yml,survival_ores_copper,68,4,12,/buy survival_ores_copper 4,1,74,74,0.74,73.26,73.26,9900,100,true,
EXPOSED_COPPER_TRAPDOOR,2.08,survival_ores_copper.yml,survival_ores_copper,69,4,13,/buy survival_ores_copper 4,1,208,208,2.08,205.92,205.92,9900,100,true,
EXPOSED_CUT_COPPER,1.19,survival_ores_copper.yml,survival_ores_copper,17,1,30,/buy survival_ores_copper 1,1,119,119,1.19,117.81,117.81,9900,100,true,
EXPOSED_CUT_COPPER_SLAB,0.59,survival_ores_copper.yml,survival_ores_copper,24,2,12,/buy survival_ores_copper 2,1,59,59,0.59,58.41,58.41,9900,100,true,
EXPOSED_CUT_COPPER_STAIRS,1.19,survival_ores_copper.yml,survival_ores_copper,31,2,21,/buy survival_ores_copper 2,1,119,119,1.19,117.81,117.81,9900,100,true,
EXPOSED_LIGHTNING_ROD,1.56,survival_ores_copper.yml,survival_ores_copper,70,4,14,/buy survival_ores_copper 4,1,156,156,1.56,154.44,154.44,9900,100,true,
EYE_ARMOR_TRIM_SMITHING_TEMPLATE,250,island_templates.yml,island_templates,4,1,13,/buy island_templates 1,1,25000,25000,250,24750,24750,9900,100,true,
FARMLAND,0.3,,,,,,,,,,,,,,,false,not listed
FEATHER,0.22,survival_mobdrops.yml,survival_mobdrops,15,1,28,/buy survival_mobdrops 1,1,22,22,0.22,21.78,21.78,9900,100,true,
FERMENTED_SPIDER_EYE,4.18,,,,,,,,,,,,,,,false,not listed
FERN,0.2,survival_farming_plants.yml,survival_farming_plants,51,2,38,/buy survival_farming_plants 2,1,20,20,0.2,19.8,19.8,9900,100,true,
FIELD_MASONED_BANNER_PATTERN,2.85,,,,,,,,,,,,,,,false,not listed
FILLED_MAP,18.19,,,,,,,,,,,,,,,false,not listed
FIREFLY_BUSH,0.3,survival_farming_plants.yml,survival_farming_plants,36,2,19,/buy survival_farming_plants 2,1,30,30,0.3,29.7,29.7,9900,100,true,
FIREWORK_ROCKET,0.1,,,,,,,,,,,,,,,false,not listed
FIREWORK_STAR,1,,,,,,,,,,,,,,,false,not listed
FIRE_CHARGE,0.51,survival_weapons.yml,survival_weapons,18,2,15,/buy survival_weapons 2,1,51,51,0.51,50.49,50.49,9900,100,true,
FIRE_CORAL,1,survival_coral.yml,survival_coral,13,1,24,/buy survival_coral 1,1,100,100,1,99,99,9900,100,true,
FIRE_CORAL_BLOCK,1,survival_coral.yml,survival_coral,14,1,25,/buy survival_coral 1,1,100,100,1,99,99,9900,100,true,
FIRE_CORAL_FAN,1,survival_coral.yml,survival_coral,15,1,28,/buy survival_coral 1,1,100,100,1,99,99,9900,100,true,
FISHING_ROD,0.51,survival_tools.yml,survival_tools,27,2,12,/buy survival_tools 2,1,51,51,0.51,50.49,50.49,9900,100,true,
FLETCHING_TABLE,0.91,survival_blocks.yml,survival_blocks,62,3,32,/buy survival_blocks 3,1,91,91,0.91,90.09,90.09,9900,100,true,
FLINT,0.05,survival_blocks.yml,survival_blocks,61,3,31,/buy survival_blocks 3,1,5,5,0.05,4.95,4.95,9900,100,true,
FLINT_AND_STEEL,2.9,survival_ores_iron.yml,survival_ores_iron,16,1,29,/buy survival_ores_iron 1,1,290,290,2.9,287.1,287.1,9900,100,true,
FLINT_AND_STEEL,2.9,survival_tools.yml,survival_tools,26,2,11,/buy survival_tools 2,1,290,290,2.9,287.1,287.1,9900,100,true,
FLINT_AND_STEEL,2.9,survival_weapons.yml,survival_weapons,19,2,22,/buy survival_weapons 2,1,290,290,2.9,287.1,287.1,9900,100,true,
FLOWERING_AZALEA,10,survival_farming_plants.yml,survival_farming_plants,28,1,43,/buy survival_farming_plants 1,1,1000,1000,10,990,990,9900,100,true,
FLOWERING_AZALEA_LEAVES,0.4,survival_farming_trees.yml,survival_farming_trees,20,1,33,/buy survival_farming_trees 1,1,40,40,0.4,39.6,39.6,9900,100,true,
FLOWERING_AZALEA_LEAVES,0.4,survival_logs.yml,survival_logs,66,4,10,/buy survival_logs 4,1,40,40,0.4,39.6,39.6,9900,100,true,
FLOWER_BANNER_PATTERN,0.48,,,,,,,,,,,,,,,false,not listed
FLOWER_POT,3.45,,,,,,,,,,,,,,,false,not listed
FLOW_ARMOR_TRIM_SMITHING_TEMPLATE,250,island_templates.yml,island_templates,20,1,32,/buy island_templates 1,1,25000,25000,250,24750,24750,9900,100,true,
FLOW_BANNER_PATTERN,100,,,,,,,,,,,,,,,false,not listed
FLOW_POTTERY_SHERD,25,survival_sherds.yml,survival_sherds,9,1,20,/buy survival_sherds 1,1,2500,2500,25,2475,2475,9900,100,true,
FRIEND_POTTERY_SHERD,25,survival_sherds.yml,survival_sherds,10,1,21,/buy survival_sherds 1,1,2500,2500,25,2475,2475,9900,100,true,
FROGSPAWN,1,,,,,,,,,,,,,,,false,not listed
FURNACE,1.94,,,,,,,,,,,,,,,false,not listed
FURNACE_MINECART,16.27,,,,,,,,,,,,,,,false,not listed
GHAST_TEAR,165,survival_mobdrops.yml,survival_mobdrops,10,1,21,/buy survival_mobdrops 1,1,16500,16500,165,16335,16335,9900,100,true,
GHAST_TEAR,165,survival_nether.yml,survival_nether,45,3,11,/buy survival_nether 3,1,16500,16500,165,16335,16335,9900,100,true,
GILDED_BLACKSTONE,2,survival_blackstone.yml,survival_blackstone,5,1,14,/buy survival_blackstone 1,1,200,200,2,198,198,9900,100,true,
GILDED_BLACKSTONE,2,survival_nether.yml,survival_nether,7,1,16,/buy survival_nether 1,1,200,200,2,198,198,9900,100,true,
GILDED_BLACKSTONE,2,survival_ores_gold.yml,survival_ores_gold,9,1,20,/buy survival_ores_gold 1,1,200,200,2,198,198,9900,100,true,
GLASS,0.04,survival_glass.yml,survival_glass,2,1,11,/buy survival_glass 1,1,4,4,0.04,3.96,3.96,9900,100,true,
GLASS_BOTTLE,0.04,survival_glass.yml,survival_glass,36,2,28,/buy survival_glass 2,1,4,4,0.04,3.96,3.96,9900,100,true,
GLASS_PANE,0.01,survival_glass.yml,survival_glass,19,1,32,/buy survival_glass 1,1,1,1,0.01,0.99,0.99,9900,100,true,
GLISTERING_MELON_SLICE,0.4,,,,,,,,,,,,,,,false,not listed
GLOBE_BANNER_PATTERN,100,,,,,,,,,,,,,,,false,not listed
GLOWSTONE,1,survival_blocks.yml,survival_blocks,30,2,20,/buy survival_blocks 2,1,100,100,1,99,99,9900,100,true,
GLOWSTONE,1,survival_nether.yml,survival_nether,11,1,22,/buy survival_nether 1,1,100,100,1,99,99,9900,100,true,
GLOWSTONE_DUST,0.25,survival_nether.yml,survival_nether,54,3,22,/buy survival_nether 3,1,25,25,0.25,24.75,24.75,9900,100,true,
GLOW_BERRIES,0.5,survival_farming_crops.yml,survival_farming_crops,20,1,33,/buy survival_farming_crops 1,1,50,50,0.5,49.5,49.5,9900,100,true,
GLOW_BERRIES,0.5,survival_food.yml,survival_food,19,1,32,/buy survival_food 1,1,50,50,0.5,49.5,49.5,9900,100,true,
GLOW_INK_SAC,0.1,survival_mobdrops.yml,survival_mobdrops,24,2,12,/buy survival_mobdrops 2,1,10,10,0.1,9.9,9.9,9900,100,true,
GLOW_ITEM_FRAME,1.46,survival_wools.yml,survival_wools,68,5,13,/buy survival_wools 5,1,146,146,1.46,144.54,144.54,9900,100,true,
GLOW_LICHEN,1,survival_farming_plants.yml,survival_farming_plants,43,2,28,/buy survival_farming_plants 2,1,100,100,1,99,99,9900,100,true,
GOAT_HORN,5,,,,,,,,,,,,,,,false,not listed
GOLDEN_APPLE,23.41,survival_food.yml,survival_food,20,1,33,/buy survival_food 1,1,2341,2341,23.41,2317.59,2317.59,9900,100,true,
GOLDEN_APPLE,23.41,survival_ores_gold.yml,survival_ores_gold,11,1,22,/buy survival_ores_gold 1,1,2341,2341,23.41,2317.59,2317.59,9900,100,true,
GOLDEN_AXE,8.31,survival_ores_gold.yml,survival_ores_gold,16,1,29,/buy survival_ores_gold 1,1,831,831,8.31,822.69,822.69,9900,100,true,
GOLDEN_AXE,8.31,survival_tools.yml,survival_tools,10,1,23,/buy survival_tools 1,1,831,831,8.31,822.69,822.69,9900,100,true,
GOLDEN_AXE,8.31,survival_weapons.yml,survival_weapons,10,1,23,/buy survival_weapons 1,1,831,831,8.31,822.69,822.69,9900,100,true,
GOLDEN_BOOTS,10.81,survival_armor.yml,survival_armor,16,1,41,/buy survival_armor 1,1,1081,1081,10.81,1070.19,1070.19,9900,100,true,
GOLDEN_BOOTS,10.81,survival_ores_gold.yml,survival_ores_gold,21,1,34,/buy survival_ores_gold 1,1,1081,1081,10.81,1070.19,1070.19,9900,100,true,
GOLDEN_CARROT,3.35,survival_food.yml,survival_food,21,1,34,/buy survival_food 1,1,335,335,3.35,331.65,331.65,9900,100,true,
GOLDEN_CARROT,3.35,survival_ores_gold.yml,survival_ores_gold,10,1,21,/buy survival_ores_gold 1,1,335,335,3.35,331.65,331.65,9900,100,true,
GOLDEN_CHESTPLATE,21.62,survival_armor.yml,survival_armor,14,1,23,/buy survival_armor 1,1,2162,2162,21.62,2140.38,2140.38,9900,100,true,
GOLDEN_CHESTPLATE,21.62,survival_ores_gold.yml,survival_ores_gold,19,1,32,/buy survival_ores_gold 1,1,2162,2162,21.62,2140.38,2140.38,9900,100,true,
GOLDEN_DANDELION,2.65,survival_farming_plants.yml,survival_farming_plants,16,1,29,/buy survival_farming_plants 1,1,265,265,2.65,262.35,262.35,9900,100,true,
GOLDEN_HELMET,13.51,survival_armor.yml,survival_armor,13,1,14,/buy survival_armor 1,1,1351,1351,13.51,1337.49,1337.49,9900,100,true,
GOLDEN_HELMET,13.51,survival_ores_gold.yml,survival_ores_gold,18,1,31,/buy survival_ores_gold 1,1,1351,1351,13.51,1337.49,1337.49,9900,100,true,
GOLDEN_HOE,5.61,survival_ores_gold.yml,survival_ores_gold,17,1,30,/buy survival_ores_gold 1,1,561,561,5.61,555.39,555.39,9900,100,true,
GOLDEN_HOE,5.61,survival_tools.yml,survival_tools,22,1,41,/buy survival_tools 1,1,561,561,5.61,555.39,555.39,9900,100,true,
GOLDEN_HORSE_ARMOR,30,survival_armor.yml,survival_armor,28,2,13,/buy survival_armor 2,1,3000,3000,30,2970,2970,9900,100,true,
GOLDEN_HORSE_ARMOR,30,survival_ores_gold.yml,survival_ores_gold,22,2,10,/buy survival_ores_gold 2,1,3000,3000,30,2970,2970,9900,100,true,
GOLDEN_LEGGINGS,18.92,survival_armor.yml,survival_armor,15,1,32,/buy survival_armor 1,1,1892,1892,18.92,1873.08,1873.08,9900,100,true,
GOLDEN_LEGGINGS,18.92,survival_ores_gold.yml,survival_ores_gold,20,1,33,/buy survival_ores_gold 1,1,1892,1892,18.92,1873.08,1873.08,9900,100,true,
GOLDEN_NAUTILUS_ARMOR,250,survival_armor.yml,survival_armor,57,2,22,/buy survival_armor 2,1,25000,25000,250,24750,24750,9900,100,true,
GOLDEN_NAUTILUS_ARMOR,250,survival_ores_gold.yml,survival_ores_gold,29,2,16,/buy survival_ores_gold 2,1,25000,25000,250,24750,24750,9900,100,true,
GOLDEN_PICKAXE,8.31,survival_ores_gold.yml,survival_ores_gold,15,1,28,/buy survival_ores_gold 1,1,831,831,8.31,822.69,822.69,9900,100,true,
GOLDEN_PICKAXE,8.31,survival_tools.yml,survival_tools,4,1,14,/buy survival_tools 1,1,831,831,8.31,822.69,822.69,9900,100,true,
GOLDEN_SHOVEL,2.9,survival_ores_gold.yml,survival_ores_gold,14,1,25,/buy survival_ores_gold 1,1,290,290,2.9,287.1,287.1,9900,100,true,
GOLDEN_SHOVEL,2.9,survival_tools.yml,survival_tools,16,1,32,/buy survival_tools 1,1,290,290,2.9,287.1,287.1,9900,100,true,
GOLDEN_SPEAR,2.9,survival_ores_gold.yml,survival_ores_gold,28,2,15,/buy survival_ores_gold 2,1,290,290,2.9,287.1,287.1,9900,100,true,
GOLDEN_SPEAR,2.9,survival_weapons.yml,survival_weapons,28,1,32,/buy survival_weapons 1,1,290,290,2.9,287.1,287.1,9900,100,true,
GOLDEN_SWORD,5.5,survival_ores_gold.yml,survival_ores_gold,13,1,24,/buy survival_ores_gold 1,1,550,550,5.5,544.5,544.5,9900,100,true,
GOLDEN_SWORD,5.5,survival_weapons.yml,survival_weapons,4,1,14,/buy survival_weapons 1,1,550,550,5.5,544.5,544.5,9900,100,true,
GOLD_BLOCK,24.32,survival_ores_gold.yml,survival_ores_gold,3,1,12,/buy survival_ores_gold 1,1,2432,2432,24.32,2407.68,2407.68,9900,100,true,
GOLD_INGOT,2.65,survival_ores_gold.yml,survival_ores_gold,2,1,11,/buy survival_ores_gold 1,1,265,265,2.65,262.35,262.35,9900,100,true,
GOLD_NUGGET,0.3,survival_ores_gold.yml,survival_ores_gold,1,1,10,/buy survival_ores_gold 1,1,30,30,0.3,29.7,29.7,9900,100,true,
GOLD_ORE,2.6,survival_ores_gold.yml,survival_ores_gold,7,1,16,/buy survival_ores_gold 1,1,260,260,2.6,257.4,257.4,9900,100,true,
GRANITE,0.66,survival_blocks.yml,survival_blocks,7,1,16,/buy survival_blocks 1,1,66,66,0.66,65.34,65.34,9900,100,true,
GRANITE_SLAB,0.67,,,,,,,,,,,,,,,false,not listed
GRANITE_STAIRS,0.67,,,,,,,,,,,,,,,false,not listed
GRANITE_WALL,0.66,,,,,,,,,,,,,,,false,not listed
GRASS_BLOCK,0.2,survival_dirts.yml,survival_dirts,4,1,13,/buy survival_dirts 1,1,20,20,0.2,19.8,19.8,9900,100,true,
GRAVEL,0.05,survival_blocks.yml,survival_blocks,10,1,21,/buy survival_blocks 1,1,5,5,0.05,4.95,4.95,9900,100,true,
GRAY_BANNER,1,survival_wools.yml,survival_wools,56,4,19,/buy survival_wools 4,1,100,100,1,99,99,9900,100,true,
GRAY_BED,1.95,survival_wools.yml,survival_wools,40,3,19,/buy survival_wools 3,1,195,195,1.95,193.05,193.05,9900,100,true,
GRAY_BUNDLE,0.43,survival_misc.yml,survival_misc,23,2,12,/buy survival_misc 2,1,43,43,0.43,42.57,42.57,9900,100,true,
GRAY_CANDLE,4.17,survival_misc.yml,survival_misc,7,1,16,/buy survival_misc 1,1,417,417,4.17,412.83,412.83,9900,100,true,
GRAY_CARPET,0.33,survival_wools.yml,survival_wools,19,2,12,/buy survival_wools 2,1,33,33,0.33,32.67,32.67,9900,100,true,
GRAY_CONCRETE,0.05,survival_concrete.yml,survival_concrete,13,1,24,/buy survival_concrete 1,1,5,5,0.05,4.95,4.95,9900,100,true,
GRAY_CONCRETE_POWDER,0.05,survival_concrete.yml,survival_concrete,14,1,25,/buy survival_concrete 1,1,5,5,0.05,4.95,4.95,9900,100,true,
GRAY_DYE,0.09,survival_dyes.yml,survival_dyes,3,1,12,/buy survival_dyes 1,1,9,9,0.09,8.91,8.91,9900,100,true,
GRAY_GLAZED_TERRACOTTA,0.31,survival_terracotta.yml,survival_terracotta,20,2,12,/buy survival_terracotta 2,1,31,31,0.31,30.69,30.69,9900,100,true,
GRAY_HARNESS,1.31,survival_armor.yml,survival_armor,42,3,12,/buy survival_armor 3,1,131,131,1.31,129.69,129.69,9900,100,true,
GRAY_SHULKER_BOX,2040.09,survival_end.yml,survival_end,35,2,25,/buy survival_end 2,1,204009,204009,2040.09,201968.91,201968.91,9900,100,true,
GRAY_STAINED_GLASS,0.05,survival_glass.yml,survival_glass,5,1,14,/buy survival_glass 1,1,5,5,0.05,4.95,4.95,9900,100,true,
GRAY_STAINED_GLASS_PANE,0.01,survival_glass.yml,survival_glass,22,2,10,/buy survival_glass 2,1,1,1,0.01,0.99,0.99,9900,100,true,
GRAY_TERRACOTTA,0.31,survival_terracotta.yml,survival_terracotta,4,1,13,/buy survival_terracotta 1,1,31,31,0.31,30.69,30.69,9900,100,true,
GRAY_WOOL,0.49,survival_wools.yml,survival_wools,3,1,12,/buy survival_wools 1,1,49,49,0.49,48.51,48.51,9900,100,true,
GREEN_BANNER,1,survival_wools.yml,survival_wools,62,4,25,/buy survival_wools 4,1,100,100,1,99,99,9900,100,true,
GREEN_BED,1.95,survival_wools.yml,survival_wools,46,3,25,/buy survival_wools 3,1,195,195,1.95,193.05,193.05,9900,100,true,
GREEN_BUNDLE,0.43,survival_misc.yml,survival_misc,30,2,21,/buy survival_misc 2,1,43,43,0.43,42.57,42.57,9900,100,true,
GREEN_CANDLE,4.17,survival_misc.yml,survival_misc,14,1,25,/buy survival_misc 1,1,417,417,4.17,412.83,412.83,9900,100,true,
GREEN_CARPET,0.33,survival_wools.yml,survival_wools,26,2,21,/buy survival_wools 2,1,33,33,0.33,32.67,32.67,9900,100,true,
GREEN_CONCRETE,0.05,survival_concrete.yml,survival_concrete,25,2,13,/buy survival_concrete 2,1,5,5,0.05,4.95,4.95,9900,100,true,
GREEN_CONCRETE_POWDER,0.05,survival_concrete.yml,survival_concrete,26,2,14,/buy survival_concrete 2,1,5,5,0.05,4.95,4.95,9900,100,true,
GREEN_DYE,0.09,survival_dyes.yml,survival_dyes,10,1,21,/buy survival_dyes 1,1,9,9,0.09,8.91,8.91,9900,100,true,
GREEN_GLAZED_TERRACOTTA,0.31,survival_terracotta.yml,survival_terracotta,27,2,21,/buy survival_terracotta 2,1,31,31,0.31,30.69,30.69,9900,100,true,
GREEN_HARNESS,1.31,survival_armor.yml,survival_armor,49,3,21,/buy survival_armor 3,1,131,131,1.31,129.69,129.69,9900,100,true,
GREEN_SHULKER_BOX,2040.09,survival_end.yml,survival_end,29,2,19,/buy survival_end 2,1,204009,204009,2040.09,201968.91,201968.91,9900,100,true,
GREEN_STAINED_GLASS,0.05,survival_glass.yml,survival_glass,12,1,23,/buy survival_glass 1,1,5,5,0.05,4.95,4.95,9900,100,true,
GREEN_STAINED_GLASS_PANE,0.01,survival_glass.yml,survival_glass,29,2,19,/buy survival_glass 2,1,1,1,0.01,0.99,0.99,9900,100,true,
GREEN_TERRACOTTA,0.31,survival_terracotta.yml,survival_terracotta,11,1,22,/buy survival_terracotta 1,1,31,31,0.31,30.69,30.69,9900,100,true,
GREEN_WOOL,0.49,survival_wools.yml,survival_wools,10,1,21,/buy survival_wools 1,1,49,49,0.49,48.51,48.51,9900,100,true,
GRINDSTONE,1.15,,,,,,,,,,,,,,,false,not listed
GUNPOWDER,0.22,survival_mobdrops.yml,survival_mobdrops,4,1,13,/buy survival_mobdrops 1,1,22,22,0.22,21.78,21.78,9900,100,true,
GUSTER_BANNER_PATTERN,100,,,,,,,,,,,,,,,false,not listed
GUSTER_POTTERY_SHERD,25,survival_sherds.yml,survival_sherds,11,1,22,/buy survival_sherds 1,1,2500,2500,25,2475,2475,9900,100,true,
HANGING_ROOTS,0.4,survival_farming_plants.yml,survival_farming_plants,34,2,15,/buy survival_farming_plants 2,1,40,40,0.4,39.6,39.6,9900,100,true,
HAY_BLOCK,3.67,,,,,,,,,,,,,,,false,not listed
HEARTBREAK_POTTERY_SHERD,25,survival_sherds.yml,survival_sherds,12,1,23,/buy survival_sherds 1,1,2500,2500,25,2475,2475,9900,100,true,
HEART_OF_THE_SEA,750,survival_misc.yml,survival_misc,43,2,41,/buy survival_misc 2,1,75000,75000,750,74250,74250,9900,100,true,
HEART_POTTERY_SHERD,25,survival_sherds.yml,survival_sherds,13,1,24,/buy survival_sherds 1,1,2500,2500,25,2475,2475,9900,100,true,
HEAVY_CORE,1750,survival_weapons.yml,survival_weapons,32,2,21,/buy survival_weapons 2,1,175000,175000,1750,173250,173250,9900,100,true,
HEAVY_WEIGHTED_PRESSURE_PLATE,5.61,survival_ores_redstone.yml,survival_ores_redstone,24,2,12,/buy survival_ores_redstone 2,1,561,561,5.61,555.39,555.39,9900,100,true,
HONEYCOMB,4,,,,,,,,,,,,,,,false,not listed
HONEYCOMB_BLOCK,13,,,,,,,,,,,,,,,false,not listed
HONEY_BLOCK,6.12,,,,,,,,,,,,,,,false,not listed
HONEY_BOTTLE,1.5,survival_food.yml,survival_food,22,2,10,/buy survival_food 2,1,150,150,1.5,148.5,148.5,9900,100,true,
HOPPER,14.75,survival_ores_redstone.yml,survival_ores_redstone,13,1,24,/buy survival_ores_redstone 1,1,1475,1475,14.75,1460.25,1460.25,9900,100,true,
HOPPER_MINECART,29.64,,,,,,,,,,,,,,,false,not listed
HORN_CORAL,1,survival_coral.yml,survival_coral,19,1,32,/buy survival_coral 1,1,100,100,1,99,99,9900,100,true,
HORN_CORAL_BLOCK,1,survival_coral.yml,survival_coral,20,1,33,/buy survival_coral 1,1,100,100,1,99,99,9900,100,true,
HORN_CORAL_FAN,1,survival_coral.yml,survival_coral,21,1,34,/buy survival_coral 1,1,100,100,1,99,99,9900,100,true,
HOST_ARMOR_TRIM_SMITHING_TEMPLATE,250,island_templates.yml,island_templates,5,1,14,/buy island_templates 1,1,25000,25000,250,24750,24750,9900,100,true,
HOWL_POTTERY_SHERD,25,survival_sherds.yml,survival_sherds,14,1,25,/buy survival_sherds 1,1,2500,2500,25,2475,2475,9900,100,true,
ICE,1.43,survival_blocks.yml,survival_blocks,17,1,30,/buy survival_blocks 1,1,143,143,1.43,141.57,141.57,9900,100,true,
INFESTED_CHISELED_STONE_BRICKS,3,,,,,,,,,,,,,,,false,not listed
INFESTED_COBBLESTONE,0.4,,,,,,,,,,,,,,,false,not listed
INFESTED_CRACKED_STONE_BRICKS,3,,,,,,,,,,,,,,,false,not listed
INFESTED_DEEPSLATE,0.8,,,,,,,,,,,,,,,false,not listed
INFESTED_MOSSY_STONE_BRICKS,3,,,,,,,,,,,,,,,false,not listed
INFESTED_STONE,0.6,,,,,,,,,,,,,,,false,not listed
INFESTED_STONE_BRICKS,1.9,,,,,,,,,,,,,,,false,not listed
INK_SAC,0.08,survival_mobdrops.yml,survival_mobdrops,17,1,30,/buy survival_mobdrops 1,1,8,8,0.08,7.92,7.92,9900,100,true,
IRON_AXE,8.77,survival_ores_iron.yml,survival_ores_iron,21,2,11,/buy survival_ores_iron 2,1,877,877,8.77,868.23,868.23,9900,100,true,
IRON_AXE,8.77,survival_tools.yml,survival_tools,9,1,22,/buy survival_tools 1,1,877,877,8.77,868.23,868.23,9900,100,true,
IRON_AXE,8.77,survival_weapons.yml,survival_weapons,9,1,22,/buy survival_weapons 1,1,877,877,8.77,868.23,868.23,9900,100,true,
IRON_BARS,1.07,survival_ores_iron.yml,survival_ores_iron,11,1,22,/buy survival_ores_iron 1,1,107,107,1.07,105.93,105.93,9900,100,true,
IRON_BLOCK,25.7,survival_ores_iron.yml,survival_ores_iron,5,1,14,/buy survival_ores_iron 1,1,2570,2570,25.7,2544.3,2544.3,9900,100,true,
IRON_BOOTS,11.22,survival_armor.yml,survival_armor,12,1,40,/buy survival_armor 1,1,1122,1122,11.22,1110.78,1110.78,9900,100,true,
IRON_BOOTS,11.22,survival_ores_iron.yml,survival_ores_iron,28,2,22,/buy survival_ores_iron 2,1,1122,1122,11.22,1110.78,1110.78,9900,100,true,
IRON_CHAIN,3.48,survival_ores_iron.yml,survival_ores_iron,12,1,23,/buy survival_ores_iron 1,1,348,348,3.48,344.52,344.52,9900,100,true,
IRON_CHESTPLATE,22.44,survival_armor.yml,survival_armor,10,1,22,/buy survival_armor 1,1,2244,2244,22.44,2221.56,2221.56,9900,100,true,
IRON_CHESTPLATE,22.44,survival_ores_iron.yml,survival_ores_iron,26,2,20,/buy survival_ores_iron 2,1,2244,2244,22.44,2221.56,2221.56,9900,100,true,
IRON_DOOR,5.61,survival_ores_iron.yml,survival_ores_iron,13,1,24,/buy survival_ores_iron 1,1,561,561,5.61,555.39,555.39,9900,100,true,
IRON_HELMET,14.02,survival_armor.yml,survival_armor,9,1,13,/buy survival_armor 1,1,1402,1402,14.02,1387.98,1387.98,9900,100,true,
IRON_HELMET,14.02,survival_ores_iron.yml,survival_ores_iron,25,2,19,/buy survival_ores_iron 2,1,1402,1402,14.02,1387.98,1387.98,9900,100,true,
IRON_HOE,5.91,survival_ores_iron.yml,survival_ores_iron,23,2,13,/buy survival_ores_iron 2,1,591,591,5.91,585.09,585.09,9900,100,true,
IRON_HOE,5.91,survival_tools.yml,survival_tools,21,1,40,/buy survival_tools 1,1,591,591,5.91,585.09,585.09,9900,100,true,
IRON_HORSE_ARMOR,20,survival_armor.yml,survival_armor,27,2,12,/buy survival_armor 2,1,2000,2000,20,1980,1980,9900,100,true,
IRON_HORSE_ARMOR,20,survival_ores_iron.yml,survival_ores_iron,36,2,23,/buy survival_ores_iron 2,1,2000,2000,20,1980,1980,9900,100,true,
IRON_INGOT,2.8,survival_ores_iron.yml,survival_ores_iron,4,1,13,/buy survival_ores_iron 1,1,280,280,2.8,277.2,277.2,9900,100,true,
IRON_LEGGINGS,19.63,survival_armor.yml,survival_armor,11,1,31,/buy survival_armor 1,1,1963,1963,19.63,1943.37,1943.37,9900,100,true,
IRON_LEGGINGS,19.63,survival_ores_iron.yml,survival_ores_iron,27,2,21,/buy survival_ores_iron 2,1,1963,1963,19.63,1943.37,1943.37,9900,100,true,
IRON_NAUTILUS_ARMOR,175,survival_armor.yml,survival_armor,56,2,21,/buy survival_armor 2,1,17500,17500,175,17325,17325,9900,100,true,
IRON_NAUTILUS_ARMOR,175,survival_ores_iron.yml,survival_ores_iron,37,2,24,/buy survival_ores_iron 2,1,17500,17500,175,17325,17325,9900,100,true,
IRON_NUGGET,0.31,survival_ores_iron.yml,survival_ores_iron,1,1,10,/buy survival_ores_iron 1,1,31,31,0.31,30.69,30.69,9900,100,true,
IRON_ORE,2.75,survival_ores_iron.yml,survival_ores_iron,6,1,15,/buy survival_ores_iron 1,1,275,275,2.75,272.25,272.25,9900,100,true,
IRON_PICKAXE,8.77,survival_ores_iron.yml,survival_ores_iron,20,2,10,/buy survival_ores_iron 2,1,877,877,8.77,868.23,868.23,9900,100,true,
IRON_PICKAXE,8.77,survival_tools.yml,survival_tools,3,1,13,/buy survival_tools 1,1,877,877,8.77,868.23,868.23,9900,100,true,
IRON_SHOVEL,3.06,survival_ores_iron.yml,survival_ores_iron,22,2,12,/buy survival_ores_iron 2,1,306,306,3.06,302.94,302.94,9900,100,true,
IRON_SHOVEL,3.06,survival_tools.yml,survival_tools,15,1,31,/buy survival_tools 1,1,306,306,3.06,302.94,302.94,9900,100,true,
IRON_SPEAR,3.06,survival_ores_iron.yml,survival_ores_iron,35,2,15,/buy survival_ores_iron 2,1,306,306,3.06,302.94,302.94,9900,100,true,
IRON_SPEAR,3.06,survival_weapons.yml,survival_weapons,27,1,31,/buy survival_weapons 1,1,306,306,3.06,302.94,302.94,9900,100,true,
IRON_SWORD,5.71,survival_ores_iron.yml,survival_ores_iron,24,2,14,/buy survival_ores_iron 2,1,571,571,5.71,565.29,565.29,9900,100,true,
IRON_SWORD,5.71,survival_weapons.yml,survival_weapons,3,1,13,/buy survival_weapons 1,1,571,571,5.71,565.29,565.29,9900,100,true,
IRON_TRAPDOOR,11.22,survival_ores_iron.yml,survival_ores_iron,14,1,25,/buy survival_ores_iron 1,1,1122,1122,11.22,1110.78,1110.78,9900,100,true,
ITEM_FRAME,1.24,survival_wools.yml,survival_wools,67,5,12,/buy survival_wools 5,1,124,124,1.24,122.76,122.76,9900,100,true,
JACK_O_LANTERN,1.98,,,,,,,,,,,,,,,false,not listed
JIGSAW,0.1,,,,,,,,,,,,,,,false,not listed
JUKEBOX,40,survival_ores_diamond.yml,survival_ores_diamond,16,1,29,/buy survival_ores_diamond 1,1,4000,4000,40,3960,3960,9900,100,true,
JUKEBOX,40,survival_ores_redstone.yml,survival_ores_redstone,15,1,28,/buy survival_ores_redstone 1,1,4000,4000,40,3960,3960,9900,100,true,
JUNGLE_BOAT,1.23,survival_wood_products.yml,survival_wood_products,139,7,13,/buy survival_wood_products 7,1,123,123,1.23,121.77,121.77,9900,100,true,
JUNGLE_BUTTON,0.23,survival_wood_products.yml,survival_wood_products,91,4,31,/buy survival_wood_products 4,1,23,23,0.23,22.77,22.77,9900,100,true,
JUNGLE_CHEST_BOAT,2.27,survival_wood_products.yml,survival_wood_products,149,7,31,/buy survival_wood_products 7,1,227,227,2.27,224.73,224.73,9900,100,true,
JUNGLE_DOOR,0.49,survival_wood_products.yml,survival_wood_products,67,3,31,/buy survival_wood_products 3,1,49,49,0.49,48.51,48.51,9900,100,true,
JUNGLE_FENCE,0.39,survival_wood_products.yml,survival_wood_products,43,2,31,/buy survival_wood_products 2,1,39,39,0.39,38.61,38.61,9900,100,true,
JUNGLE_FENCE_GATE,0.31,survival_wood_products.yml,survival_wood_products,55,3,13,/buy survival_wood_products 3,1,31,31,0.31,30.69,30.69,9900,100,true,
JUNGLE_HANGING_SIGN,17.99,survival_wood_products.yml,survival_wood_products,127,6,13,/buy survival_wood_products 6,1,1799,1799,17.99,1781.01,1781.01,9900,100,true,
JUNGLE_LEAVES,0.4,survival_farming_trees.yml,survival_farming_trees,13,1,24,/buy survival_farming_trees 1,1,40,40,0.4,39.6,39.6,9900,100,true,
JUNGLE_LEAVES,0.4,survival_logs.yml,survival_logs,62,3,31,/buy survival_logs 3,1,40,40,0.4,39.6,39.6,9900,100,true,
JUNGLE_LOG,1,survival_logs.yml,survival_logs,4,1,13,/buy survival_logs 1,1,100,100,1,99,99,9900,100,true,
JUNGLE_PLANKS,0.23,survival_wood_products.yml,survival_wood_products,4,1,13,/buy survival_wood_products 1,1,23,23,0.23,22.77,22.77,9900,100,true,
JUNGLE_PRESSURE_PLATE,0.48,survival_wood_products.yml,survival_wood_products,103,5,13,/buy survival_wood_products 5,1,48,48,0.48,47.52,47.52,9900,100,true,
JUNGLE_SAPLING,0.31,survival_farming_trees.yml,survival_farming_trees,4,1,13,/buy survival_farming_trees 1,1,31,31,0.31,30.69,30.69,9900,100,true,
JUNGLE_SAPLING,0.31,survival_logs.yml,survival_logs,51,3,20,/buy survival_logs 3,1,31,31,0.31,30.69,30.69,9900,100,true,
JUNGLE_SHELF,0.99,survival_logs.yml,survival_logs,73,4,19,/buy survival_logs 4,1,99,99,0.99,98.01,98.01,9900,100,true,
JUNGLE_SIGN,1.3,survival_wood_products.yml,survival_wood_products,115,5,31,/buy survival_wood_products 5,1,130,130,1.3,128.7,128.7,9900,100,true,
JUNGLE_SLAB,0.11,survival_wood_products.yml,survival_wood_products,17,1,31,/buy survival_wood_products 1,1,11,11,0.11,10.89,10.89,9900,100,true,
JUNGLE_STAIRS,0.36,survival_wood_products.yml,survival_wood_products,30,2,13,/buy survival_wood_products 2,1,36,36,0.36,35.64,35.64,9900,100,true,
JUNGLE_TRAPDOOR,0.74,survival_wood_products.yml,survival_wood_products,79,4,13,/buy survival_wood_products 4,1,74,74,0.74,73.26,73.26,9900,100,true,
JUNGLE_WOOD,1.31,survival_logs.yml,survival_logs,18,1,31,/buy survival_logs 1,1,131,131,1.31,129.69,129.69,9900,100,true,
KELP,0.7,survival_coral.yml,survival_coral,31,2,11,/buy survival_coral 2,1,70,70,0.7,69.3,69.3,9900,100,true,
KELP,0.7,survival_farming_plants.yml,survival_farming_plants,50,2,37,/buy survival_farming_plants 2,1,70,70,0.7,69.3,69.3,9900,100,true,
KNOWLEDGE_BOOK,0.1,,,,,,,,,,,,,,,false,not listed
LADDER,0.27,,,,,,,,,,,,,,,false,not listed
LANTERN,1,survival_misc.yml,survival_misc,1,1,10,/buy survival_misc 1,1,100,100,1,99,99,9900,100,true,
LAPIS_BLOCK,1.09,survival_ores_lapis.yml,survival_ores_lapis,2,1,11,/buy survival_ores_lapis 1,1,109,109,1.09,107.91,107.91,9900,100,true,
LAPIS_LAZULI,0.12,survival_ores_lapis.yml,survival_ores_lapis,1,1,10,/buy survival_ores_lapis 1,1,12,12,0.12,11.88,11.88,9900,100,true,
LAPIS_ORE,0.78,survival_ores_lapis.yml,survival_ores_lapis,4,1,13,/buy survival_ores_lapis 1,1,78,78,0.78,77.22,77.22,9900,100,true,
LARGE_AMETHYST_BUD,3,survival_ores_amethyst.yml,survival_ores_amethyst,3,1,12,/buy survival_ores_amethyst 1,1,300,300,3,297,297,9900,100,true,
LARGE_FERN,0.2,survival_farming_plants.yml,survival_farming_plants,52,2,39,/buy survival_farming_plants 2,1,20,20,0.2,19.8,19.8,9900,100,true,
LAVA_BUCKET,8.56,survival_ores_coal.yml,survival_ores_coal,6,1,15,/buy survival_ores_coal 1,1,856,856,8.56,847.44,847.44,9900,100,true,
LAVA_BUCKET,8.56,survival_tools.yml,survival_tools,50,2,22,/buy survival_tools 2,1,856,856,8.56,847.44,847.44,9900,100,true,
LEAD,0.25,survival_tools.yml,survival_tools,31,2,15,/buy survival_tools 2,1,25,25,0.25,24.75,24.75,9900,100,true,
LEAF_LITTER,0.4,survival_farming_plants.yml,survival_farming_plants,35,2,16,/buy survival_farming_plants 2,1,40,40,0.4,39.6,39.6,9900,100,true,
LEATHER,0.24,survival_mobdrops.yml,survival_mobdrops,16,1,29,/buy survival_mobdrops 1,1,24,24,0.24,23.76,23.76,9900,100,true,
LEATHER_BOOTS,0.97,survival_armor.yml,survival_armor,4,1,37,/buy survival_armor 1,1,97,97,0.97,96.03,96.03,9900,100,true,
LEATHER_CHESTPLATE,1.95,survival_armor.yml,survival_armor,2,1,19,/buy survival_armor 1,1,195,195,1.95,193.05,193.05,9900,100,true,
LEATHER_HELMET,1.22,survival_armor.yml,survival_armor,1,1,10,/buy survival_armor 1,1,122,122,1.22,120.78,120.78,9900,100,true,
LEATHER_HORSE_ARMOR,1.71,survival_armor.yml,survival_armor,26,2,10,/buy survival_armor 2,1,171,171,1.71,169.29,169.29,9900,100,true,
LEATHER_LEGGINGS,1.71,survival_armor.yml,survival_armor,3,1,28,/buy survival_armor 1,1,171,171,1.71,169.29,169.29,9900,100,true,
LECTERN,5.66,,,,,,,,,,,,,,,false,not listed
LEVER,0.35,survival_ores_redstone.yml,survival_ores_redstone,16,1,29,/buy survival_ores_redstone 1,1,35,35,0.35,34.65,34.65,9900,100,true,
LIGHT,0.1,,,,,,,,,,,,,,,false,not listed
LIGHTNING_ROD,1.56,survival_ores_copper.yml,survival_ores_copper,60,3,29,/buy survival_ores_copper 3,1,156,156,1.56,154.44,154.44,9900,100,true,
LIGHT_BLUE_BANNER,1,survival_wools.yml,survival_wools,52,4,13,/buy survival_wools 4,1,100,100,1,99,99,9900,100,true,
LIGHT_BLUE_BED,1.96,survival_wools.yml,survival_wools,36,3,13,/buy survival_wools 3,1,196,196,1.96,194.04,194.04,9900,100,true,
LIGHT_BLUE_BUNDLE,0.44,survival_misc.yml,survival_misc,32,2,23,/buy survival_misc 2,1,44,44,0.44,43.56,43.56,9900,100,true,
LIGHT_BLUE_CANDLE,4.18,survival_misc.yml,survival_misc,16,1,29,/buy survival_misc 1,1,418,418,4.18,413.82,413.82,9900,100,true,
LIGHT_BLUE_CARPET,0.34,survival_wools.yml,survival_wools,28,2,23,/buy survival_wools 2,1,34,34,0.34,33.66,33.66,9900,100,true,
LIGHT_BLUE_CONCRETE,0.05,survival_concrete.yml,survival_concrete,5,1,14,/buy survival_concrete 1,1,5,5,0.05,4.95,4.95,9900,100,true,
LIGHT_BLUE_CONCRETE_POWDER,0.05,survival_concrete.yml,survival_concrete,6,1,15,/buy survival_concrete 1,1,5,5,0.05,4.95,4.95,9900,100,true,
LIGHT_BLUE_DYE,0.1,survival_dyes.yml,survival_dyes,12,1,23,/buy survival_dyes 1,1,10,10,0.1,9.9,9.9,9900,100,true,
LIGHT_BLUE_GLAZED_TERRACOTTA,0.31,survival_terracotta.yml,survival_terracotta,29,2,23,/buy survival_terracotta 2,1,31,31,0.31,30.69,30.69,9900,100,true,
LIGHT_BLUE_HARNESS,1.33,survival_armor.yml,survival_armor,51,3,23,/buy survival_armor 3,1,133,133,1.33,131.67,131.67,9900,100,true,
LIGHT_BLUE_SHULKER_BOX,2040.12,survival_end.yml,survival_end,36,2,28,/buy survival_end 2,1,204012,204012,2040.12,201971.88,201971.88,9900,100,true,
LIGHT_BLUE_STAINED_GLASS,0.05,survival_glass.yml,survival_glass,14,1,25,/buy survival_glass 1,1,5,5,0.05,4.95,4.95,9900,100,true,
LIGHT_BLUE_STAINED_GLASS_PANE,0.01,survival_glass.yml,survival_glass,31,2,21,/buy survival_glass 2,1,1,1,0.01,0.99,0.99,9900,100,true,
LIGHT_BLUE_TERRACOTTA,0.31,survival_terracotta.yml,survival_terracotta,13,1,24,/buy survival_terracotta 1,1,31,31,0.31,30.69,30.69,9900,100,true,
LIGHT_BLUE_WOOL,0.51,survival_wools.yml,survival_wools,12,1,23,/buy survival_wools 1,1,51,51,0.51,50.49,50.49,9900,100,true,
LIGHT_GRAY_BANNER,1,survival_wools.yml,survival_wools,57,4,20,/buy survival_wools 4,1,100,100,1,99,99,9900,100,true,
LIGHT_GRAY_BED,1.95,survival_wools.yml,survival_wools,41,3,20,/buy survival_wools 3,1,195,195,1.95,193.05,193.05,9900,100,true,
LIGHT_GRAY_BUNDLE,0.43,survival_misc.yml,survival_misc,22,2,11,/buy survival_misc 2,1,43,43,0.43,42.57,42.57,9900,100,true,
LIGHT_GRAY_CANDLE,4.17,survival_misc.yml,survival_misc,6,1,15,/buy survival_misc 1,1,417,417,4.17,412.83,412.83,9900,100,true,
LIGHT_GRAY_CARPET,0.36,survival_wools.yml,survival_wools,18,2,11,/buy survival_wools 2,1,36,36,0.36,35.64,35.64,9900,100,true,
LIGHT_GRAY_CONCRETE,0.05,survival_concrete.yml,survival_concrete,15,1,28,/buy survival_concrete 1,1,5,5,0.05,4.95,4.95,9900,100,true,
LIGHT_GRAY_CONCRETE_POWDER,0.05,survival_concrete.yml,survival_concrete,16,1,29,/buy survival_concrete 1,1,5,5,0.05,4.95,4.95,9900,100,true,
LIGHT_GRAY_DYE,0.09,survival_dyes.yml,survival_dyes,2,1,11,/buy survival_dyes 1,1,9,9,0.09,8.91,8.91,9900,100,true,
LIGHT_GRAY_GLAZED_TERRACOTTA,0.31,survival_terracotta.yml,survival_terracotta,19,2,11,/buy survival_terracotta 2,1,31,31,0.31,30.69,30.69,9900,100,true,
LIGHT_GRAY_HARNESS,1.31,survival_armor.yml,survival_armor,41,3,11,/buy survival_armor 3,1,131,131,1.31,129.69,129.69,9900,100,true,
LIGHT_GRAY_SHULKER_BOX,2040.09,survival_end.yml,survival_end,37,2,29,/buy survival_end 2,1,204009,204009,2040.09,201968.91,201968.91,9900,100,true,
LIGHT_GRAY_STAINED_GLASS,0.05,survival_glass.yml,survival_glass,4,1,13,/buy survival_glass 1,1,5,5,0.05,4.95,4.95,9900,100,true,
LIGHT_GRAY_STAINED_GLASS_PANE,0.01,survival_glass.yml,survival_glass,21,1,34,/buy survival_glass 1,1,1,1,0.01,0.99,0.99,9900,100,true,
LIGHT_GRAY_TERRACOTTA,0.31,survival_terracotta.yml,survival_terracotta,3,1,12,/buy survival_terracotta 1,1,31,31,0.31,30.69,30.69,9900,100,true,
LIGHT_GRAY_WOOL,0.49,survival_wools.yml,survival_wools,2,1,11,/buy survival_wools 1,1,49,49,0.49,48.51,48.51,9900,100,true,
LIGHT_WEIGHTED_PRESSURE_PLATE,6.29,survival_ores_gold.yml,survival_ores_gold,23,2,11,/buy survival_ores_gold 2,1,629,629,6.29,622.71,622.71,9900,100,true,
LIGHT_WEIGHTED_PRESSURE_PLATE,6.29,survival_ores_redstone.yml,survival_ores_redstone,23,2,11,/buy survival_ores_redstone 2,1,629,629,6.29,622.71,622.71,9900,100,true,
LILAC,0.1,survival_farming_plants.yml,survival_farming_plants,19,1,32,/buy survival_farming_plants 1,1,10,10,0.1,9.9,9.9,9900,100,true,
LILY_OF_THE_VALLEY,0.2,survival_farming_plants.yml,survival_farming_plants,12,1,23,/buy survival_farming_plants 1,1,20,20,0.2,19.8,19.8,9900,100,true,
LILY_PAD,1.1,survival_farming_plants.yml,survival_farming_plants,47,2,32,/buy survival_farming_plants 2,1,110,110,1.1,108.9,108.9,9900,100,true,
LIME_BANNER,1,survival_wools.yml,survival_wools,54,4,15,/buy survival_wools 4,1,100,100,1,99,99,9900,100,true,
LIME_BED,1.95,survival_wools.yml,survival_wools,38,3,15,/buy survival_wools 3,1,195,195,1.95,193.05,193.05,9900,100,true,
LIME_BUNDLE,0.43,survival_misc.yml,survival_misc,29,2,20,/buy survival_misc 2,1,43,43,0.43,42.57,42.57,9900,100,true,
LIME_CANDLE,4.17,survival_misc.yml,survival_misc,13,1,24,/buy survival_misc 1,1,417,417,4.17,412.83,412.83,9900,100,true,
LIME_CARPET,0.33,survival_wools.yml,survival_wools,25,2,20,/buy survival_wools 2,1,33,33,0.33,32.67,32.67,9900,100,true,
LIME_CONCRETE,0.05,survival_concrete.yml,survival_concrete,9,1,20,/buy survival_concrete 1,1,5,5,0.05,4.95,4.95,9900,100,true,
LIME_CONCRETE_POWDER,0.05,survival_concrete.yml,survival_concrete,10,1,21,/buy survival_concrete 1,1,5,5,0.05,4.95,4.95,9900,100,true,
LIME_DYE,0.09,survival_dyes.yml,survival_dyes,9,1,20,/buy survival_dyes 1,1,9,9,0.09,8.91,8.91,9900,100,true,
LIME_GLAZED_TERRACOTTA,0.31,survival_terracotta.yml,survival_terracotta,26,2,20,/buy survival_terracotta 2,1,31,31,0.31,30.69,30.69,9900,100,true,
LIME_HARNESS,1.31,survival_armor.yml,survival_armor,48,3,20,/buy survival_armor 3,1,131,131,1.31,129.69,129.69,9900,100,true,
LIME_SHULKER_BOX,2040.09,survival_end.yml,survival_end,38,2,30,/buy survival_end 2,1,204009,204009,2040.09,201968.91,201968.91,9900,100,true,
LIME_STAINED_GLASS,0.05,survival_glass.yml,survival_glass,11,1,22,/buy survival_glass 1,1,5,5,0.05,4.95,4.95,9900,100,true,
LIME_STAINED_GLASS_PANE,0.01,survival_glass.yml,survival_glass,28,2,16,/buy survival_glass 2,1,1,1,0.01,0.99,0.99,9900,100,true,
LIME_TERRACOTTA,0.31,survival_terracotta.yml,survival_terracotta,10,1,21,/buy survival_terracotta 1,1,31,31,0.31,30.69,30.69,9900,100,true,
LIME_WOOL,0.49,survival_wools.yml,survival_wools,9,1,20,/buy survival_wools 1,1,49,49,0.49,48.51,48.51,9900,100,true,
LINGERING_POTION,0,,,,,,,,,,,,,,,false,not listed
LODESTONE,5.3,survival_ores_iron.yml,survival_ores_iron,33,2,34,/buy survival_ores_iron 2,1,530,530,5.3,524.7,524.7,9900,100,true,
LOOM,0.61,,,,,,,,,,,,,,,false,not listed
MACE,1790.1,survival_weapons.yml,survival_weapons,22,2,19,/buy survival_weapons 2,1,179010,179010,1790.1,177219.9,177219.9,9900,100,true,
MAGENTA_BANNER,1,survival_wools.yml,survival_wools,51,4,12,/buy survival_wools 4,1,100,100,1,99,99,9900,100,true,
MAGENTA_BED,1.95,survival_wools.yml,survival_wools,35,3,12,/buy survival_wools 3,1,195,195,1.95,193.05,193.05,9900,100,true,
MAGENTA_BUNDLE,0.43,survival_misc.yml,survival_misc,35,2,28,/buy survival_misc 2,1,43,43,0.43,42.57,42.57,9900,100,true,
MAGENTA_CANDLE,4.17,survival_misc.yml,survival_misc,19,1,32,/buy survival_misc 1,1,417,417,4.17,412.83,412.83,9900,100,true,
MAGENTA_CARPET,0.33,survival_wools.yml,survival_wools,31,2,28,/buy survival_wools 2,1,33,33,0.33,32.67,32.67,9900,100,true,
MAGENTA_CONCRETE,0.05,survival_concrete.yml,survival_concrete,3,1,12,/buy survival_concrete 1,1,5,5,0.05,4.95,4.95,9900,100,true,
MAGENTA_CONCRETE_POWDER,0.05,survival_concrete.yml,survival_concrete,4,1,13,/buy survival_concrete 1,1,5,5,0.05,4.95,4.95,9900,100,true,
MAGENTA_DYE,0.09,survival_dyes.yml,survival_dyes,15,1,30,/buy survival_dyes 1,1,9,9,0.09,8.91,8.91,9900,100,true,
MAGENTA_GLAZED_TERRACOTTA,0.31,survival_terracotta.yml,survival_terracotta,32,2,28,/buy survival_terracotta 2,1,31,31,0.31,30.69,30.69,9900,100,true,
MAGENTA_HARNESS,1.31,survival_armor.yml,survival_armor,54,3,30,/buy survival_armor 3,1,131,131,1.31,129.69,129.69,9900,100,true,
MAGENTA_SHULKER_BOX,2040.09,survival_end.yml,survival_end,25,2,13,/buy survival_end 2,1,204009,204009,2040.09,201968.91,201968.91,9900,100,true,
MAGENTA_STAINED_GLASS,0.05,survival_glass.yml,survival_glass,17,1,30,/buy survival_glass 1,1,5,5,0.05,4.95,4.95,9900,100,true,
MAGENTA_STAINED_GLASS_PANE,0.01,survival_glass.yml,survival_glass,34,2,24,/buy survival_glass 2,1,1,1,0.01,0.99,0.99,9900,100,true,
MAGENTA_TERRACOTTA,0.31,survival_terracotta.yml,survival_terracotta,16,1,29,/buy survival_terracotta 1,1,31,31,0.31,30.69,30.69,9900,100,true,
MAGENTA_WOOL,0.49,survival_wools.yml,survival_wools,15,1,28,/buy survival_wools 1,1,49,49,0.49,48.51,48.51,9900,100,true,
MAGMA_BLOCK,3.6,survival_nether.yml,survival_nether,8,1,19,/buy survival_nether 1,1,360,360,3.6,356.4,356.4,9900,100,true,
MAGMA_CREAM,0.9,survival_mobdrops.yml,survival_mobdrops,11,1,22,/buy survival_mobdrops 1,1,90,90,0.9,89.1,89.1,9900,100,true,
MAGMA_CREAM,0.9,survival_nether.yml,survival_nether,46,3,12,/buy survival_nether 3,1,90,90,0.9,89.1,89.1,9900,100,true,
MANGROVE_BOAT,1.27,survival_wood_products.yml,survival_wood_products,142,7,16,/buy survival_wood_products 7,1,127,127,1.27,125.73,125.73,9900,100,true,
MANGROVE_BUTTON,0.25,survival_wood_products.yml,survival_wood_products,94,4,34,/buy survival_wood_products 4,1,25,25,0.25,24.75,24.75,9900,100,true,
MANGROVE_CHEST_BOAT,2.31,survival_wood_products.yml,survival_wood_products,152,7,34,/buy survival_wood_products 7,1,231,231,2.31,228.69,228.69,9900,100,true,
MANGROVE_DOOR,0.5,survival_wood_products.yml,survival_wood_products,70,3,34,/buy survival_wood_products 3,1,50,50,0.5,49.5,49.5,9900,100,true,
MANGROVE_FENCE,0.4,survival_wood_products.yml,survival_wood_products,46,2,34,/buy survival_wood_products 2,1,40,40,0.4,39.6,39.6,9900,100,true,
MANGROVE_FENCE_GATE,0.91,survival_wood_products.yml,survival_wood_products,58,3,16,/buy survival_wood_products 3,1,91,91,0.91,90.09,90.09,9900,100,true,
MANGROVE_HANGING_SIGN,18.02,survival_wood_products.yml,survival_wood_products,130,6,16,/buy survival_wood_products 6,1,1802,1802,18.02,1783.98,1783.98,9900,100,true,
MANGROVE_LEAVES,0.4,survival_farming_trees.yml,survival_farming_trees,16,1,29,/buy survival_farming_trees 1,1,40,40,0.4,39.6,39.6,9900,100,true,
MANGROVE_LEAVES,0.4,survival_logs.yml,survival_logs,67,4,11,/buy survival_logs 4,1,40,40,0.4,39.6,39.6,9900,100,true,
MANGROVE_LOG,1,survival_logs.yml,survival_logs,7,1,16,/buy survival_logs 1,1,100,100,1,99,99,9900,100,true,
MANGROVE_PLANKS,0.25,survival_wood_products.yml,survival_wood_products,7,1,16,/buy survival_wood_products 1,1,25,25,0.25,24.75,24.75,9900,100,true,
MANGROVE_PRESSURE_PLATE,0.51,survival_wood_products.yml,survival_wood_products,106,5,16,/buy survival_wood_products 5,1,51,51,0.51,50.49,50.49,9900,100,true,
MANGROVE_PROPAGULE,0.3,survival_farming_trees.yml,survival_farming_trees,7,1,16,/buy survival_farming_trees 1,1,30,30,0.3,29.7,29.7,9900,100,true,
MANGROVE_PROPAGULE,0.3,survival_logs.yml,survival_logs,54,3,23,/buy survival_logs 3,1,30,30,0.3,29.7,29.7,9900,100,true,
MANGROVE_ROOTS,0.4,survival_blocks.yml,survival_blocks,55,3,24,/buy survival_blocks 3,1,40,40,0.4,39.6,39.6,9900,100,true,
MANGROVE_SHELF,1.01,survival_logs.yml,survival_logs,76,4,22,/buy survival_logs 4,1,101,101,1.01,99.99,99.99,9900,100,true,
MANGROVE_SIGN,0.54,survival_wood_products.yml,survival_wood_products,118,5,34,/buy survival_wood_products 5,1,54,54,0.54,53.46,53.46,9900,100,true,
MANGROVE_SLAB,0.12,survival_wood_products.yml,survival_wood_products,20,1,34,/buy survival_wood_products 1,1,12,12,0.12,11.88,11.88,9900,100,true,
MANGROVE_STAIRS,0.38,survival_wood_products.yml,survival_wood_products,33,2,16,/buy survival_wood_products 2,1,38,38,0.38,37.62,37.62,9900,100,true,
MANGROVE_TRAPDOOR,0.76,survival_wood_products.yml,survival_wood_products,82,4,16,/buy survival_wood_products 4,1,76,76,0.76,75.24,75.24,9900,100,true,
MANGROVE_WOOD,1.36,survival_logs.yml,survival_logs,21,1,34,/buy survival_logs 1,1,136,136,1.36,134.64,134.64,9900,100,true,
MAP,12.57,survival_tools.yml,survival_tools,42,2,28,/buy survival_tools 2,1,1257,1257,12.57,1244.43,1244.43,9900,100,true,
MEDIUM_AMETHYST_BUD,2,survival_ores_amethyst.yml,survival_ores_amethyst,2,1,11,/buy survival_ores_amethyst 1,1,200,200,2,198,198,9900,100,true,
MELON,1.8,,,,,,,,,,,,,,,false,not listed
MELON_SEEDS,0.2,survival_farming_crops.yml,survival_farming_crops,3,1,12,/buy survival_farming_crops 1,1,20,20,0.2,19.8,19.8,9900,100,true,
MELON_SLICE,0.2,survival_farming_crops.yml,survival_farming_crops,10,1,21,/buy survival_farming_crops 1,1,20,20,0.2,19.8,19.8,9900,100,true,
MELON_SLICE,0.2,survival_food.yml,survival_food,23,2,11,/buy survival_food 2,1,20,20,0.2,19.8,19.8,9900,100,true,
MILK_BUCKET,8.56,survival_food.yml,survival_food,35,2,25,/buy survival_food 2,1,856,856,8.56,847.44,847.44,9900,100,true,
MILK_BUCKET,8.56,survival_tools.yml,survival_tools,51,2,23,/buy survival_tools 2,1,856,856,8.56,847.44,847.44,9900,100,true,
MINECART,14.02,survival_misc.yml,survival_misc,2,1,11,/buy survival_misc 1,1,1402,1402,14.02,1387.98,1387.98,9900,100,true,
MINER_POTTERY_SHERD,25,survival_sherds.yml,survival_sherds,15,1,28,/buy survival_sherds 1,1,2500,2500,25,2475,2475,9900,100,true,
MOJANG_BANNER_PATTERN,51.28,,,,,,,,,,,,,,,false,not listed
MOSSY_COBBLESTONE,1.22,survival_blocks.yml,survival_blocks,5,1,14,/buy survival_blocks 1,1,122,122,1.22,120.78,120.78,9900,100,true,
MOSSY_COBBLESTONE_SLAB,1.24,survival_stone.yml,survival_stone,23,1,34,/buy survival_stone 1,1,124,124,1.24,122.76,122.76,9900,100,true,
MOSSY_COBBLESTONE_STAIRS,1.24,survival_stone.yml,survival_stone,24,1,37,/buy survival_stone 1,1,124,124,1.24,122.76,122.76,9900,100,true,
MOSSY_COBBLESTONE_WALL,1.22,survival_stone.yml,survival_stone,25,1,38,/buy survival_stone 1,1,122,122,1.22,120.78,120.78,9900,100,true,
MOSSY_STONE_BRICKS,0.61,survival_stone.yml,survival_stone,14,1,25,/buy survival_stone 1,1,61,61,0.61,60.39,60.39,9900,100,true,
MOSSY_STONE_BRICK_SLAB,0.31,survival_stone.yml,survival_stone,15,1,28,/buy survival_stone 1,1,31,31,0.31,30.69,30.69,9900,100,true,
MOSSY_STONE_BRICK_STAIRS,0.62,survival_stone.yml,survival_stone,16,1,29,/buy survival_stone 1,1,62,62,0.62,61.38,61.38,9900,100,true,
MOSSY_STONE_BRICK_WALL,0.62,survival_stone.yml,survival_stone,17,1,30,/buy survival_stone 1,1,62,62,0.62,61.38,61.38,9900,100,true,
MOSS_BLOCK,0.3,survival_blocks.yml,survival_blocks,37,2,29,/buy survival_blocks 2,1,30,30,0.3,29.7,29.7,9900,100,true,
MOSS_BLOCK,0.3,survival_dirts.yml,survival_dirts,10,1,21,/buy survival_dirts 1,1,30,30,0.3,29.7,29.7,9900,100,true,
MOSS_BLOCK,0.3,survival_farming_plants.yml,survival_farming_plants,29,2,10,/buy survival_farming_plants 2,1,30,30,0.3,29.7,29.7,9900,100,true,
MOSS_CARPET,0.2,survival_farming_plants.yml,survival_farming_plants,30,2,11,/buy survival_farming_plants 2,1,20,20,0.2,19.8,19.8,9900,100,true,
MOURNER_POTTERY_SHERD,25,survival_sherds.yml,survival_sherds,16,1,29,/buy survival_sherds 1,1,2500,2500,25,2475,2475,9900,100,true,
MUD,0.3,survival_dirts.yml,survival_dirts,9,1,20,/buy survival_dirts 1,1,30,30,0.3,29.7,29.7,9900,100,true,
MUD,0.3,survival_mud.yml,survival_mud,1,1,10,/buy survival_mud 1,1,30,30,0.3,29.7,29.7,9900,100,true,
MUDDY_MANGROVE_ROOTS,0.71,survival_dirts.yml,survival_dirts,11,1,22,/buy survival_dirts 1,1,71,71,0.71,70.29,70.29,9900,100,true,
MUD_BRICKS,0.72,survival_mud.yml,survival_mud,3,1,19,/buy survival_mud 1,1,72,72,0.72,71.28,71.28,9900,100,true,
MUD_BRICK_SLAB,0.36,survival_mud.yml,survival_mud,4,1,20,/buy survival_mud 1,1,36,36,0.36,35.64,35.64,9900,100,true,
MUD_BRICK_STAIRS,0.73,survival_mud.yml,survival_mud,5,1,21,/buy survival_mud 1,1,73,73,0.73,72.27,72.27,9900,100,true,
MUD_BRICK_WALL,0.73,survival_mud.yml,survival_mud,6,1,22,/buy survival_mud 1,1,73,73,0.73,72.27,72.27,9900,100,true,
MUSHROOM_STEM,2.2,survival_logs.yml,survival_logs,12,1,23,/buy survival_logs 1,1,220,220,2.2,217.8,217.8,9900,100,true,
MUSHROOM_STEW,0.65,survival_food.yml,survival_food,24,2,12,/buy survival_food 2,1,65,65,0.65,64.35,64.35,9900,100,true,
MUSIC_DISC_11,25,survival_music_discs.yml,survival_music_discs,11,1,22,/buy survival_music_discs 1,1,2500,2500,25,2475,2475,9900,100,true,
MUSIC_DISC_13,25,survival_music_discs.yml,survival_music_discs,1,1,10,/buy survival_music_discs 1,1,2500,2500,25,2475,2475,9900,100,true,
MUSIC_DISC_5,45.9,survival_music_discs.yml,survival_music_discs,16,1,29,/buy survival_music_discs 1,1,4590,4590,45.9,4544.1,4544.1,9900,100,true,
MUSIC_DISC_BLOCKS,25,survival_music_discs.yml,survival_music_discs,3,1,12,/buy survival_music_discs 1,1,2500,2500,25,2475,2475,9900,100,true,
MUSIC_DISC_BOUNCE,50,survival_music_discs.yml,survival_music_discs,21,1,34,/buy survival_music_discs 1,1,5000,5000,50,4950,4950,9900,100,true,
MUSIC_DISC_CAT,25,survival_music_discs.yml,survival_music_discs,2,1,11,/buy survival_music_discs 1,1,2500,2500,25,2475,2475,9900,100,true,
MUSIC_DISC_CHIRP,25,survival_music_discs.yml,survival_music_discs,4,1,13,/buy survival_music_discs 1,1,2500,2500,25,2475,2475,9900,100,true,
MUSIC_DISC_CREATOR,50,survival_music_discs.yml,survival_music_discs,18,1,31,/buy survival_music_discs 1,1,5000,5000,50,4950,4950,9900,100,true,
MUSIC_DISC_CREATOR_MUSIC_BOX,50,survival_music_discs.yml,survival_music_discs,19,1,32,/buy survival_music_discs 1,1,5000,5000,50,4950,4950,9900,100,true,
MUSIC_DISC_FAR,25,survival_music_discs.yml,survival_music_discs,5,1,14,/buy survival_music_discs 1,1,2500,2500,25,2475,2475,9900,100,true,
MUSIC_DISC_LAVA_CHICKEN,50,survival_music_discs.yml,survival_music_discs,23,1,41,/buy survival_music_discs 1,1,5000,5000,50,4950,4950,9900,100,true,
MUSIC_DISC_MALL,25,survival_music_discs.yml,survival_music_discs,6,1,15,/buy survival_music_discs 1,1,2500,2500,25,2475,2475,9900,100,true,
MUSIC_DISC_MELLOHI,25,survival_music_discs.yml,survival_music_discs,7,1,16,/buy survival_music_discs 1,1,2500,2500,25,2475,2475,9900,100,true,
MUSIC_DISC_OTHERSIDE,50,survival_music_discs.yml,survival_music_discs,14,1,25,/buy survival_music_discs 1,1,5000,5000,50,4950,4950,9900,100,true,
MUSIC_DISC_PIGSTEP,50,survival_music_discs.yml,survival_music_discs,13,1,24,/buy survival_music_discs 1,1,5000,5000,50,4950,4950,9900,100,true,
MUSIC_DISC_PRECIPICE,50,survival_music_discs.yml,survival_music_discs,20,1,33,/buy survival_music_discs 1,1,5000,5000,50,4950,4950,9900,100,true,
MUSIC_DISC_RELIC,50,survival_music_discs.yml,survival_music_discs,17,1,30,/buy survival_music_discs 1,1,5000,5000,50,4950,4950,9900,100,true,
MUSIC_DISC_STAL,25,survival_music_discs.yml,survival_music_discs,8,1,19,/buy survival_music_discs 1,1,2500,2500,25,2475,2475,9900,100,true,
MUSIC_DISC_STRAD,25,survival_music_discs.yml,survival_music_discs,9,1,20,/buy survival_music_discs 1,1,2500,2500,25,2475,2475,9900,100,true,
MUSIC_DISC_TEARS,25,survival_music_discs.yml,survival_music_discs,22,1,39,/buy survival_music_discs 1,1,2500,2500,25,2475,2475,9900,100,true,
MUSIC_DISC_WAIT,25,survival_music_discs.yml,survival_music_discs,12,1,23,/buy survival_music_discs 1,1,2500,2500,25,2475,2475,9900,100,true,
MUSIC_DISC_WARD,25,survival_music_discs.yml,survival_music_discs,10,1,21,/buy survival_music_discs 1,1,2500,2500,25,2475,2475,9900,100,true,
MUTTON,0.2,survival_food.yml,survival_food,33,2,23,/buy survival_food 2,1,20,20,0.2,19.8,19.8,9900,100,true,
MYCELIUM,0.88,survival_dirts.yml,survival_dirts,8,1,19,/buy survival_dirts 1,1,88,88,0.88,87.12,87.12,9900,100,true,
NAME_TAG,0.15,survival_misc.yml,survival_misc,38,2,42,/buy survival_misc 2,1,15,15,0.15,14.85,14.85,9900,100,true,
NAUTILUS_SHELL,200,survival_mobdrops.yml,survival_mobdrops,18,1,31,/buy survival_mobdrops 1,1,20000,20000,200,19800,19800,9900,100,true,
NETHERITE_AXE,723.28,survival_ores_netherite.yml,survival_ores_netherite,7,1,20,/buy survival_ores_netherite 1,1,72328,72328,723.28,71604.72,71604.72,9900,100,true,
NETHERITE_AXE,723.28,survival_tools.yml,survival_tools,12,1,25,/buy survival_tools 1,1,72328,72328,723.28,71604.72,71604.72,9900,100,true,
NETHERITE_AXE,723.28,survival_weapons.yml,survival_weapons,12,1,25,/buy survival_weapons 1,1,72328,72328,723.28,71604.72,71604.72,9900,100,true,
NETHERITE_BLOCK,2343,survival_nether.yml,survival_nether,26,2,14,/buy survival_nether 2,1,234300,234300,2343,231957,231957,9900,100,true,
NETHERITE_BLOCK,2343,survival_ores_netherite.yml,survival_ores_netherite,3,1,12,/buy survival_ores_netherite 1,1,234300,234300,2343,231957,231957,9900,100,true,
NETHERITE_BOOTS,790.7,survival_armor.yml,survival_armor,24,1,43,/buy survival_armor 1,1,79070,79070,790.7,78279.3,78279.3,9900,100,true,
NETHERITE_BOOTS,790.7,survival_ores_netherite.yml,survival_ores_netherite,14,1,31,/buy survival_ores_netherite 1,1,79070,79070,790.7,78279.3,78279.3,9900,100,true,
NETHERITE_CHESTPLATE,1061.2,survival_armor.yml,survival_armor,22,1,25,/buy survival_armor 1,1,106120,106120,1061.2,105058.8,105058.8,9900,100,true,
NETHERITE_CHESTPLATE,1061.2,survival_ores_netherite.yml,survival_ores_netherite,12,1,29,/buy survival_ores_netherite 1,1,106120,106120,1061.2,105058.8,105058.8,9900,100,true,
NETHERITE_HELMET,858.33,survival_armor.yml,survival_armor,21,1,16,/buy survival_armor 1,1,85833,85833,858.33,84974.67,84974.67,9900,100,true,
NETHERITE_HELMET,858.33,survival_ores_netherite.yml,survival_ores_netherite,11,1,28,/buy survival_ores_netherite 1,1,85833,85833,858.33,84974.67,84974.67,9900,100,true,
NETHERITE_HOE,655.65,survival_ores_netherite.yml,survival_ores_netherite,9,1,22,/buy survival_ores_netherite 1,1,65565,65565,655.65,64909.35,64909.35,9900,100,true,
NETHERITE_HOE,655.65,survival_tools.yml,survival_tools,24,1,43,/buy survival_tools 1,1,65565,65565,655.65,64909.35,64909.35,9900,100,true,
NETHERITE_HORSE_ARMOR,300,survival_armor.yml,survival_armor,34,2,15,/buy survival_armor 2,1,30000,30000,300,29700,29700,9900,100,true,
NETHERITE_HORSE_ARMOR,300,survival_ores_netherite.yml,survival_ores_netherite,17,1,32,/buy survival_ores_netherite 1,1,30000,30000,300,29700,29700,9900,100,true,
NETHERITE_INGOT,260,survival_ores_netherite.yml,survival_ores_netherite,2,1,11,/buy survival_ores_netherite 1,1,26000,26000,260,25740,25740,9900,100,true,
NETHERITE_LEGGINGS,993.58,survival_armor.yml,survival_armor,23,1,34,/buy survival_armor 1,1,99358,99358,993.58,98364.42,98364.42,9900,100,true,
NETHERITE_LEGGINGS,993.58,survival_ores_netherite.yml,survival_ores_netherite,13,1,30,/buy survival_ores_netherite 1,1,99358,99358,993.58,98364.42,98364.42,9900,100,true,
NETHERITE_NAUTILUS_ARMOR,500,survival_armor.yml,survival_armor,59,2,24,/buy survival_armor 2,1,50000,50000,500,49500,49500,9900,100,true,
NETHERITE_NAUTILUS_ARMOR,500,survival_ores_netherite.yml,survival_ores_netherite,18,1,33,/buy survival_ores_netherite 1,1,50000,50000,500,49500,49500,9900,100,true,
NETHERITE_PICKAXE,723.28,survival_ores_netherite.yml,survival_ores_netherite,6,1,19,/buy survival_ores_netherite 1,1,72328,72328,723.28,71604.72,71604.72,9900,100,true,
NETHERITE_PICKAXE,723.28,survival_tools.yml,survival_tools,6,1,16,/buy survival_tools 1,1,72328,72328,723.28,71604.72,71604.72,9900,100,true,
NETHERITE_SCRAP,62.3,survival_nether.yml,survival_nether,25,2,13,/buy survival_nether 2,1,6230,6230,62.3,6167.7,6167.7,9900,100,true,
NETHERITE_SCRAP,62.3,survival_ores_netherite.yml,survival_ores_netherite,1,1,10,/buy survival_ores_netherite 1,1,6230,6230,62.3,6167.7,6167.7,9900,100,true,
NETHERITE_SHOVEL,588.03,survival_ores_netherite.yml,survival_ores_netherite,8,1,21,/buy survival_ores_netherite 1,1,58803,58803,588.03,58214.97,58214.97,9900,100,true,
NETHERITE_SHOVEL,588.03,survival_tools.yml,survival_tools,18,1,34,/buy survival_tools 1,1,58803,58803,588.03,58214.97,58214.97,9900,100,true,
NETHERITE_SPEAR,588.03,survival_ores_netherite.yml,survival_ores_netherite,16,1,24,/buy survival_ores_netherite 1,1,58803,58803,588.03,58214.97,58214.97,9900,100,true,
NETHERITE_SPEAR,588.03,survival_weapons.yml,survival_weapons,30,1,34,/buy survival_weapons 1,1,58803,58803,588.03,58214.97,58214.97,9900,100,true,
NETHERITE_SWORD,655.55,survival_ores_netherite.yml,survival_ores_netherite,10,1,23,/buy survival_ores_netherite 1,1,65555,65555,655.55,64899.45,64899.45,9900,100,true,
NETHERITE_SWORD,655.55,survival_weapons.yml,survival_weapons,6,1,16,/buy survival_weapons 1,1,65555,65555,655.55,64899.45,64899.45,9900,100,true,
NETHERITE_UPGRADE_SMITHING_TEMPLATE,250,island_templates.yml,island_templates,1,1,10,/buy island_templates 1,1,25000,25000,250,24750,24750,9900,100,true,
NETHERITE_UPGRADE_SMITHING_TEMPLATE,250,survival_ores_netherite.yml,survival_ores_netherite,5,1,14,/buy survival_ores_netherite 1,1,25000,25000,250,24750,24750,9900,100,true,
NETHERRACK,0.22,survival_blocks.yml,survival_blocks,29,2,19,/buy survival_blocks 2,1,22,22,0.22,21.78,21.78,9900,100,true,
NETHERRACK,0.22,survival_nether.yml,survival_nether,1,1,10,/buy survival_nether 1,1,22,22,0.22,21.78,21.78,9900,100,true,
NETHER_BRICK,0.3,survival_blocks.yml,survival_blocks,32,2,22,/buy survival_blocks 2,1,30,30,0.3,29.7,29.7,9900,100,true,
NETHER_BRICK,0.3,survival_nether.yml,survival_nether,15,1,28,/buy survival_nether 1,1,30,30,0.3,29.7,29.7,9900,100,true,
NETHER_BRICKS,1.2,survival_nether.yml,survival_nether,13,1,24,/buy survival_nether 1,1,120,120,1.2,118.8,118.8,9900,100,true,
NETHER_BRICK_FENCE,2.95,survival_nether.yml,survival_nether,51,3,19,/buy survival_nether 3,1,295,295,2.95,292.05,292.05,9900,100,true,
NETHER_BRICK_SLAB,1.22,survival_nether.yml,survival_nether,16,1,29,/buy survival_nether 1,1,122,122,1.22,120.78,120.78,9900,100,true,
NETHER_BRICK_STAIRS,1.24,survival_nether.yml,survival_nether,17,1,30,/buy survival_nether 1,1,124,124,1.24,122.76,122.76,9900,100,true,
NETHER_BRICK_WALL,1.2,survival_nether.yml,survival_nether,18,1,31,/buy survival_nether 1,1,120,120,1.2,118.8,118.8,9900,100,true,
NETHER_GOLD_ORE,1.2,survival_nether.yml,survival_nether,28,2,16,/buy survival_nether 2,1,120,120,1.2,118.8,118.8,9900,100,true,
NETHER_GOLD_ORE,1.2,survival_ores_gold.yml,survival_ores_gold,8,1,19,/buy survival_ores_gold 1,1,120,120,1.2,118.8,118.8,9900,100,true,
NETHER_QUARTZ_ORE,0.22,survival_nether.yml,survival_nether,27,2,15,/buy survival_nether 2,1,22,22,0.22,21.78,21.78,9900,100,true,
NETHER_QUARTZ_ORE,0.22,survival_ores_quartz.yml,survival_ores_quartz,2,1,11,/buy survival_ores_quartz 1,1,22,22,0.22,21.78,21.78,9900,100,true,
NETHER_SPROUTS,0.2,survival_nether.yml,survival_nether,37,2,28,/buy survival_nether 2,1,20,20,0.2,19.8,19.8,9900,100,true,
NETHER_STAR,10000,survival_nether.yml,survival_nether,47,3,13,/buy survival_nether 3,1,1000000,1000000,10000,990000,990000,9900,100,true,
NETHER_WART,0.22,survival_farming_crops.yml,survival_farming_crops,14,1,25,/buy survival_farming_crops 1,1,22,22,0.22,21.78,21.78,9900,100,true,
NETHER_WART,0.22,survival_nether.yml,survival_nether,29,2,34,/buy survival_nether 2,1,22,22,0.22,21.78,21.78,9900,100,true,
NETHER_WART_BLOCK,2.01,survival_nether.yml,survival_nether,30,2,19,/buy survival_nether 2,1,201,201,2.01,198.99,198.99,9900,100,true,
NOTE_BLOCK,1.72,survival_ores_redstone.yml,survival_ores_redstone,14,1,25,/buy survival_ores_redstone 1,1,172,172,1.72,170.28,170.28,9900,100,true,
OAK_BOAT,1.23,survival_wood_products.yml,survival_wood_products,136,7,10,/buy survival_wood_products 7,1,123,123,1.23,121.77,121.77,9900,100,true,
OAK_BUTTON,0.23,survival_ores_redstone.yml,survival_ores_redstone,20,1,33,/buy survival_ores_redstone 1,1,23,23,0.23,22.77,22.77,9900,100,true,
OAK_BUTTON,0.23,survival_wood_products.yml,survival_wood_products,88,4,28,/buy survival_wood_products 4,1,23,23,0.23,22.77,22.77,9900,100,true,
OAK_CHEST_BOAT,2.27,survival_wood_products.yml,survival_wood_products,146,7,28,/buy survival_wood_products 7,1,227,227,2.27,224.73,224.73,9900,100,true,
OAK_DOOR,0.49,survival_wood_products.yml,survival_wood_products,64,3,28,/buy survival_wood_products 3,1,49,49,0.49,48.51,48.51,9900,100,true,
OAK_FENCE,0.39,survival_wood_products.yml,survival_wood_products,40,2,28,/buy survival_wood_products 2,1,39,39,0.39,38.61,38.61,9900,100,true,
OAK_FENCE_GATE,0.31,survival_wood_products.yml,survival_wood_products,52,3,10,/buy survival_wood_products 3,1,31,31,0.31,30.69,30.69,9900,100,true,
OAK_HANGING_SIGN,17.99,survival_wood_products.yml,survival_wood_products,124,6,10,/buy survival_wood_products 6,1,1799,1799,17.99,1781.01,1781.01,9900,100,true,
OAK_LEAVES,0.4,survival_farming_trees.yml,survival_farming_trees,10,1,21,/buy survival_farming_trees 1,1,40,40,0.4,39.6,39.6,9900,100,true,
OAK_LEAVES,0.4,survival_logs.yml,survival_logs,59,3,28,/buy survival_logs 3,1,40,40,0.4,39.6,39.6,9900,100,true,
OAK_LOG,1,survival_logs.yml,survival_logs,1,1,10,/buy survival_logs 1,1,100,100,1,99,99,9900,100,true,
OAK_PLANKS,0.2,survival_wood_products.yml,survival_wood_products,1,1,10,/buy survival_wood_products 1,1,20,20,0.2,19.8,19.8,9900,100,true,
OAK_PRESSURE_PLATE,0.48,survival_wood_products.yml,survival_wood_products,100,5,10,/buy survival_wood_products 5,1,48,48,0.48,47.52,47.52,9900,100,true,
OAK_SAPLING,0.31,survival_farming_trees.yml,survival_farming_trees,1,1,10,/buy survival_farming_trees 1,1,31,31,0.31,30.69,30.69,9900,100,true,
OAK_SAPLING,0.31,survival_logs.yml,survival_logs,48,3,15,/buy survival_logs 3,1,31,31,0.31,30.69,30.69,9900,100,true,
OAK_SHELF,0.99,survival_logs.yml,survival_logs,70,4,14,/buy survival_logs 4,1,99,99,0.99,98.01,98.01,9900,100,true,
OAK_SIGN,1.3,survival_wood_products.yml,survival_wood_products,112,5,28,/buy survival_wood_products 5,1,130,130,1.3,128.7,128.7,9900,100,true,
OAK_SLAB,0.11,survival_wood_products.yml,survival_wood_products,14,1,28,/buy survival_wood_products 1,1,11,11,0.11,10.89,10.89,9900,100,true,
OAK_STAIRS,0.36,survival_wood_products.yml,survival_wood_products,27,2,10,/buy survival_wood_products 2,1,36,36,0.36,35.64,35.64,9900,100,true,
OAK_TRAPDOOR,0.74,survival_wood_products.yml,survival_wood_products,76,4,10,/buy survival_wood_products 4,1,74,74,0.74,73.26,73.26,9900,100,true,
OAK_WOOD,1.32,survival_logs.yml,survival_logs,15,1,28,/buy survival_logs 1,1,132,132,1.32,130.68,130.68,9900,100,true,
OBSERVER,1.8,survival_ores_redstone.yml,survival_ores_redstone,8,1,19,/buy survival_ores_redstone 1,1,180,180,1.8,178.2,178.2,9900,100,true,
OBSIDIAN,6,survival_blocks.yml,survival_blocks,28,2,16,/buy survival_blocks 2,1,600,600,6,594,594,9900,100,true,
OBSIDIAN,6,survival_end.yml,survival_end,20,1,33,/buy survival_end 1,1,600,600,6,594,594,9900,100,true,
OBSIDIAN,6,survival_nether.yml,survival_nether,10,1,21,/buy survival_nether 1,1,600,600,6,594,594,9900,100,true,
OCHRE_FROGLIGHT,1,survival_blocks.yml,survival_blocks,52,3,21,/buy survival_blocks 3,1,100,100,1,99,99,9900,100,true,
OMINOUS_TRIAL_KEY,25,,,,,,,,,,,,,,,false,not listed
OPEN_EYEBLOSSOM,0.2,survival_farming_plants.yml,survival_farming_plants,22,1,37,/buy survival_farming_plants 1,1,20,20,0.2,19.8,19.8,9900,100,true,
ORANGE_BANNER,1,survival_wools.yml,survival_wools,50,4,11,/buy survival_wools 4,1,100,100,1,99,99,9900,100,true,
ORANGE_BED,1.95,survival_wools.yml,survival_wools,34,3,11,/buy survival_wools 3,1,195,195,1.95,193.05,193.05,9900,100,true,
ORANGE_BUNDLE,0.43,survival_misc.yml,survival_misc,27,2,16,/buy survival_misc 2,1,43,43,0.43,42.57,42.57,9900,100,true,
ORANGE_CANDLE,4.17,survival_misc.yml,survival_misc,11,1,22,/buy survival_misc 1,1,417,417,4.17,412.83,412.83,9900,100,true,
ORANGE_CARPET,0.33,survival_wools.yml,survival_wools,23,2,16,/buy survival_wools 2,1,33,33,0.33,32.67,32.67,9900,100,true,
ORANGE_CONCRETE,0.05,survival_concrete.yml,survival_concrete,1,1,10,/buy survival_concrete 1,1,5,5,0.05,4.95,4.95,9900,100,true,
ORANGE_CONCRETE_POWDER,0.05,survival_concrete.yml,survival_concrete,2,1,11,/buy survival_concrete 1,1,5,5,0.05,4.95,4.95,9900,100,true,
ORANGE_DYE,0.09,survival_dyes.yml,survival_dyes,7,1,16,/buy survival_dyes 1,1,9,9,0.09,8.91,8.91,9900,100,true,
ORANGE_GLAZED_TERRACOTTA,0.31,survival_terracotta.yml,survival_terracotta,24,2,16,/buy survival_terracotta 2,1,31,31,0.31,30.69,30.69,9900,100,true,
ORANGE_HARNESS,1.31,survival_armor.yml,survival_armor,46,3,16,/buy survival_armor 3,1,131,131,1.31,129.69,129.69,9900,100,true,
ORANGE_SHULKER_BOX,2040.09,survival_end.yml,survival_end,31,2,21,/buy survival_end 2,1,204009,204009,2040.09,201968.91,201968.91,9900,100,true,
ORANGE_STAINED_GLASS,0.05,survival_glass.yml,survival_glass,9,1,20,/buy survival_glass 1,1,5,5,0.05,4.95,4.95,9900,100,true,
ORANGE_STAINED_GLASS_PANE,0.02,survival_glass.yml,survival_glass,26,2,14,/buy survival_glass 2,1,2,2,0.02,1.98,1.98,9900,100,true,
ORANGE_TERRACOTTA,0.31,survival_terracotta.yml,survival_terracotta,8,1,19,/buy survival_terracotta 1,1,31,31,0.31,30.69,30.69,9900,100,true,
ORANGE_TULIP,0.2,survival_farming_plants.yml,survival_farming_plants,7,1,16,/buy survival_farming_plants 1,1,20,20,0.2,19.8,19.8,9900,100,true,
ORANGE_WOOL,0.49,survival_wools.yml,survival_wools,7,1,16,/buy survival_wools 1,1,49,49,0.49,48.51,48.51,9900,100,true,
OXEYE_DAISY,0.2,survival_farming_plants.yml,survival_farming_plants,10,1,21,/buy survival_farming_plants 1,1,20,20,0.2,19.8,19.8,9900,100,true,
OXIDIZED_CHISELED_COPPER,1.19,survival_ores_copper.yml,survival_ores_copper,44,3,11,/buy survival_ores_copper 3,1,119,119,1.19,117.81,117.81,9900,100,true,
OXIDIZED_COPPER,4.68,survival_ores_copper.yml,survival_ores_copper,10,1,21,/buy survival_ores_copper 1,1,468,468,4.68,463.32,463.32,9900,100,true,
OXIDIZED_COPPER_BARS,0.19,survival_ores_copper.yml,survival_ores_copper,81,4,29,/buy survival_ores_copper 4,1,19,19,0.19,18.81,18.81,9900,100,true,
OXIDIZED_COPPER_BULB,3.66,survival_ores_copper.yml,survival_ores_copper,82,4,30,/buy survival_ores_copper 4,1,366,366,3.66,362.34,362.34,9900,100,true,
OXIDIZED_COPPER_CHAIN,0.62,survival_ores_copper.yml,survival_ores_copper,83,4,31,/buy survival_ores_copper 4,1,62,62,0.62,61.38,61.38,9900,100,true,
OXIDIZED_COPPER_CHEST,5.18,survival_ores_copper.yml,survival_ores_copper,84,4,32,/buy survival_ores_copper 4,1,518,518,5.18,512.82,512.82,9900,100,true,
OXIDIZED_COPPER_DOOR,1.04,survival_ores_copper.yml,survival_ores_copper,85,4,33,/buy survival_ores_copper 4,1,104,104,1.04,102.96,102.96,9900,100,true,
OXIDIZED_COPPER_GOLEM_STATUE,50,survival_ores_copper.yml,survival_ores_copper,86,4,34,/buy survival_ores_copper 4,1,5000,5000,50,4950,4950,9900,100,true,
OXIDIZED_COPPER_GRATE,1.19,survival_ores_copper.yml,survival_ores_copper,87,5,10,/buy survival_ores_copper 5,1,119,119,1.19,117.81,117.81,9900,100,true,
OXIDIZED_COPPER_LANTERN,0.74,survival_ores_copper.yml,survival_ores_copper,88,5,11,/buy survival_ores_copper 5,1,74,74,0.74,73.26,73.26,9900,100,true,
OXIDIZED_COPPER_TRAPDOOR,2.08,survival_ores_copper.yml,survival_ores_copper,89,5,12,/buy survival_ores_copper 5,1,208,208,2.08,205.92,205.92,9900,100,true,
OXIDIZED_CUT_COPPER,1.19,survival_ores_copper.yml,survival_ores_copper,19,1,32,/buy survival_ores_copper 1,1,119,119,1.19,117.81,117.81,9900,100,true,
OXIDIZED_CUT_COPPER_SLAB,0.59,survival_ores_copper.yml,survival_ores_copper,26,2,14,/buy survival_ores_copper 2,1,59,59,0.59,58.41,58.41,9900,100,true,
OXIDIZED_CUT_COPPER_STAIRS,1.19,survival_ores_copper.yml,survival_ores_copper,33,2,23,/buy survival_ores_copper 2,1,119,119,1.19,117.81,117.81,9900,100,true,
OXIDIZED_LIGHTNING_ROD,1.56,survival_ores_copper.yml,survival_ores_copper,90,5,13,/buy survival_ores_copper 5,1,156,156,1.56,154.44,154.44,9900,100,true,
PACKED_ICE,4,survival_blocks.yml,survival_blocks,18,1,31,/buy survival_blocks 1,1,400,400,4,396,396,9900,100,true,
PACKED_MUD,0.71,survival_mud.yml,survival_mud,2,1,11,/buy survival_mud 1,1,71,71,0.71,70.29,70.29,9900,100,true,
PAINTING,1.24,survival_wools.yml,survival_wools,66,5,11,/buy survival_wools 5,1,124,124,1.24,122.76,122.76,9900,100,true,
PALE_HANGING_MOSS,1,survival_farming_plants.yml,survival_farming_plants,33,2,14,/buy survival_farming_plants 2,1,100,100,1,99,99,9900,100,true,
PALE_MOSS_BLOCK,0.3,survival_dirts.yml,survival_dirts,14,1,23,/buy survival_dirts 1,1,30,30,0.3,29.7,29.7,9900,100,true,
PALE_MOSS_BLOCK,0.3,survival_farming_plants.yml,survival_farming_plants,31,2,12,/buy survival_farming_plants 2,1,30,30,0.3,29.7,29.7,9900,100,true,
PALE_MOSS_CARPET,0.2,survival_farming_plants.yml,survival_farming_plants,32,2,13,/buy survival_farming_plants 2,1,20,20,0.2,19.8,19.8,9900,100,true,
PALE_OAK_BOAT,1.27,survival_wood_products.yml,survival_wood_products,144,7,20,/buy survival_wood_products 7,1,127,127,1.27,125.73,125.73,9900,100,true,
PALE_OAK_BUTTON,0.25,survival_wood_products.yml,survival_wood_products,96,4,38,/buy survival_wood_products 4,1,25,25,0.25,24.75,24.75,9900,100,true,
PALE_OAK_CHEST_BOAT,2.31,survival_wood_products.yml,survival_wood_products,154,7,38,/buy survival_wood_products 7,1,231,231,2.31,228.69,228.69,9900,100,true,
PALE_OAK_DOOR,0.5,survival_wood_products.yml,survival_wood_products,72,3,38,/buy survival_wood_products 3,1,50,50,0.5,49.5,49.5,9900,100,true,
PALE_OAK_FENCE,0.4,survival_wood_products.yml,survival_wood_products,48,2,38,/buy survival_wood_products 2,1,40,40,0.4,39.6,39.6,9900,100,true,
PALE_OAK_FENCE_GATE,0.91,survival_wood_products.yml,survival_wood_products,60,3,20,/buy survival_wood_products 3,1,91,91,0.91,90.09,90.09,9900,100,true,
PALE_OAK_HANGING_SIGN,18,survival_wood_products.yml,survival_wood_products,132,6,20,/buy survival_wood_products 6,1,1800,1800,18,1782,1782,9900,100,true,
PALE_OAK_LEAVES,0.4,survival_farming_trees.yml,survival_farming_trees,18,1,31,/buy survival_farming_trees 1,1,40,40,0.4,39.6,39.6,9900,100,true,
PALE_OAK_LEAVES,0.4,survival_logs.yml,survival_logs,69,4,13,/buy survival_logs 4,1,40,40,0.4,39.6,39.6,9900,100,true,
PALE_OAK_LOG,1,survival_logs.yml,survival_logs,9,1,20,/buy survival_logs 1,1,100,100,1,99,99,9900,100,true,
PALE_OAK_PLANKS,0.25,survival_wood_products.yml,survival_wood_products,9,1,20,/buy survival_wood_products 1,1,25,25,0.25,24.75,24.75,9900,100,true,
PALE_OAK_PRESSURE_PLATE,0.51,survival_wood_products.yml,survival_wood_products,108,5,20,/buy survival_wood_products 5,1,51,51,0.51,50.49,50.49,9900,100,true,
PALE_OAK_SAPLING,0.31,survival_farming_trees.yml,survival_farming_trees,9,1,20,/buy survival_farming_trees 1,1,31,31,0.31,30.69,30.69,9900,100,true,
PALE_OAK_SAPLING,0.31,survival_logs.yml,survival_logs,56,3,25,/buy survival_logs 3,1,31,31,0.31,30.69,30.69,9900,100,true,
PALE_OAK_SHELF,1.01,survival_logs.yml,survival_logs,78,4,24,/buy survival_logs 4,1,101,101,1.01,99.99,99.99,9900,100,true,
PALE_OAK_SIGN,0.54,survival_wood_products.yml,survival_wood_products,120,5,38,/buy survival_wood_products 5,1,54,54,0.54,53.46,53.46,9900,100,true,
PALE_OAK_SLAB,0.12,survival_wood_products.yml,survival_wood_products,22,1,38,/buy survival_wood_products 1,1,12,12,0.12,11.88,11.88,9900,100,true,
PALE_OAK_STAIRS,0.38,survival_wood_products.yml,survival_wood_products,35,2,20,/buy survival_wood_products 2,1,38,38,0.38,37.62,37.62,9900,100,true,
PALE_OAK_TRAPDOOR,0.76,survival_wood_products.yml,survival_wood_products,84,4,20,/buy survival_wood_products 4,1,76,76,0.76,75.24,75.24,9900,100,true,
PALE_OAK_WOOD,1.36,survival_logs.yml,survival_logs,23,2,11,/buy survival_logs 2,1,136,136,1.36,134.64,134.64,9900,100,true,
PAPER,0.1,,,,,,,,,,,,,,,false,not listed
PEARLESCENT_FROGLIGHT,1,survival_blocks.yml,survival_blocks,54,3,23,/buy survival_blocks 3,1,100,100,1,99,99,9900,100,true,
PEONY,0.1,survival_farming_plants.yml,survival_farming_plants,21,1,34,/buy survival_farming_plants 1,1,10,10,0.1,9.9,9.9,9900,100,true,
PETRIFIED_OAK_SLAB,10,,,,,,,,,,,,,,,false,not listed
PHANTOM_MEMBRANE,0.44,survival_mobdrops.yml,survival_mobdrops,8,1,19,/buy survival_mobdrops 1,1,44,44,0.44,43.56,43.56,9900,100,true,
PIGLIN_BANNER_PATTERN,180,,,,,,,,,,,,,,,false,not listed
PIGLIN_HEAD,500,survival_mobdrops.yml,survival_mobdrops,32,2,23,/buy survival_mobdrops 2,1,50000,50000,500,49500,49500,9900,100,true,
PINK_BANNER,1,survival_wools.yml,survival_wools,55,4,16,/buy survival_wools 4,1,100,100,1,99,99,9900,100,true,
PINK_BED,1.95,survival_wools.yml,survival_wools,39,3,16,/buy survival_wools 3,1,195,195,1.95,193.05,193.05,9900,100,true,
PINK_BUNDLE,0.43,survival_misc.yml,survival_misc,36,2,29,/buy survival_misc 2,1,43,43,0.43,42.57,42.57,9900,100,true,
PINK_CANDLE,4.17,survival_misc.yml,survival_misc,20,1,33,/buy survival_misc 1,1,417,417,4.17,412.83,412.83,9900,100,true,
PINK_CARPET,0.33,survival_wools.yml,survival_wools,32,2,29,/buy survival_wools 2,1,33,33,0.33,32.67,32.67,9900,100,true,
PINK_CONCRETE,0.05,survival_concrete.yml,survival_concrete,11,1,22,/buy survival_concrete 1,1,5,5,0.05,4.95,4.95,9900,100,true,
PINK_CONCRETE_POWDER,0.05,survival_concrete.yml,survival_concrete,12,1,23,/buy survival_concrete 1,1,5,5,0.05,4.95,4.95,9900,100,true,
PINK_DYE,0.09,survival_dyes.yml,survival_dyes,16,1,31,/buy survival_dyes 1,1,9,9,0.09,8.91,8.91,9900,100,true,
PINK_GLAZED_TERRACOTTA,0.31,survival_terracotta.yml,survival_terracotta,33,2,29,/buy survival_terracotta 2,1,31,31,0.31,30.69,30.69,9900,100,true,
PINK_HARNESS,1.31,survival_armor.yml,survival_armor,55,3,31,/buy survival_armor 3,1,131,131,1.31,129.69,129.69,9900,100,true,
PINK_PETALS,0.1,survival_farming_plants.yml,survival_farming_plants,24,1,39,/buy survival_farming_plants 1,1,10,10,0.1,9.9,9.9,9900,100,true,
PINK_SHULKER_BOX,2040.09,survival_end.yml,survival_end,32,2,22,/buy survival_end 2,1,204009,204009,2040.09,201968.91,201968.91,9900,100,true,
PINK_STAINED_GLASS,0.05,survival_glass.yml,survival_glass,18,1,31,/buy survival_glass 1,1,5,5,0.05,4.95,4.95,9900,100,true,
PINK_STAINED_GLASS_PANE,0.01,survival_glass.yml,survival_glass,35,2,25,/buy survival_glass 2,1,1,1,0.01,0.99,0.99,9900,100,true,
PINK_TERRACOTTA,0.31,survival_terracotta.yml,survival_terracotta,17,1,30,/buy survival_terracotta 1,1,31,31,0.31,30.69,30.69,9900,100,true,
PINK_TULIP,0.2,survival_farming_plants.yml,survival_farming_plants,9,1,20,/buy survival_farming_plants 1,1,20,20,0.2,19.8,19.8,9900,100,true,
PINK_WOOL,0.49,survival_wools.yml,survival_wools,16,1,29,/buy survival_wools 1,1,49,49,0.49,48.51,48.51,9900,100,true,
PISTON,3.5,survival_ores_redstone.yml,survival_ores_redstone,9,1,20,/buy survival_ores_redstone 1,1,350,350,3.5,346.5,346.5,9900,100,true,
PITCHER_PLANT,0.2,survival_farming_plants.yml,survival_farming_plants,17,1,30,/buy survival_farming_plants 1,1,20,20,0.2,19.8,19.8,9900,100,true,
PITCHER_POD,0.2,survival_farming_crops.yml,survival_farming_crops,6,1,15,/buy survival_farming_crops 1,1,20,20,0.2,19.8,19.8,9900,100,true,
PLAYER_HEAD,150,,,,,,,,,,,,,,,false,not listed
PLENTY_POTTERY_SHERD,25,survival_sherds.yml,survival_sherds,17,1,30,/buy survival_sherds 1,1,2500,2500,25,2475,2475,9900,100,true,
PODZOL,0.2,survival_dirts.yml,survival_dirts,7,1,16,/buy survival_dirts 1,1,20,20,0.2,19.8,19.8,9900,100,true,
POINTED_DRIPSTONE,1,survival_blocks.yml,survival_blocks,83,5,12,/buy survival_blocks 5,1,100,100,1,99,99,9900,100,true,
POISONOUS_POTATO,2.2,survival_food.yml,survival_food,43,2,34,/buy survival_food 2,1,220,220,2.2,217.8,217.8,9900,100,true,
POLISHED_ANDESITE,0.33,,,,,,,,,,,,,,,false,not listed
POLISHED_ANDESITE_SLAB,0.33,,,,,,,,,,,,,,,false,not listed
POLISHED_ANDESITE_STAIRS,0.33,,,,,,,,,,,,,,,false,not listed
POLISHED_BASALT,1.02,survival_nether.yml,survival_nether,52,3,20,/buy survival_nether 3,1,102,102,1.02,100.98,100.98,9900,100,true,
POLISHED_BLACKSTONE,0.4,survival_blackstone.yml,survival_blackstone,6,1,19,/buy survival_blackstone 1,1,40,40,0.4,39.6,39.6,9900,100,true,
POLISHED_BLACKSTONE_BRICKS,0.4,survival_blackstone.yml,survival_blackstone,13,1,28,/buy survival_blackstone 1,1,40,40,0.4,39.6,39.6,9900,100,true,
POLISHED_BLACKSTONE_BRICK_SLAB,0.2,survival_blackstone.yml,survival_blackstone,14,1,29,/buy survival_blackstone 1,1,20,20,0.2,19.8,19.8,9900,100,true,
POLISHED_BLACKSTONE_BRICK_STAIRS,0.4,survival_blackstone.yml,survival_blackstone,15,1,30,/buy survival_blackstone 1,1,40,40,0.4,39.6,39.6,9900,100,true,
POLISHED_BLACKSTONE_BRICK_WALL,0.4,survival_blackstone.yml,survival_blackstone,16,1,31,/buy survival_blackstone 1,1,40,40,0.4,39.6,39.6,9900,100,true,
POLISHED_BLACKSTONE_BUTTON,0.4,survival_blackstone.yml,survival_blackstone,10,1,23,/buy survival_blackstone 1,1,40,40,0.4,39.6,39.6,9900,100,true,
POLISHED_BLACKSTONE_PRESSURE_PLATE,0.81,survival_blackstone.yml,survival_blackstone,11,1,24,/buy survival_blackstone 1,1,81,81,0.81,80.19,80.19,9900,100,true,
POLISHED_BLACKSTONE_SLAB,0.2,survival_blackstone.yml,survival_blackstone,7,1,20,/buy survival_blackstone 1,1,20,20,0.2,19.8,19.8,9900,100,true,
POLISHED_BLACKSTONE_STAIRS,0.4,survival_blackstone.yml,survival_blackstone,8,1,21,/buy survival_blackstone 1,1,40,40,0.4,39.6,39.6,9900,100,true,
POLISHED_BLACKSTONE_WALL,0.4,survival_blackstone.yml,survival_blackstone,9,1,22,/buy survival_blackstone 1,1,40,40,0.4,39.6,39.6,9900,100,true,
POLISHED_CINNABAR,0.45,survival_sulfur_caves.yml,survival_sulfur_caves,6,2,15,/buy survival_sulfur_caves 2,1,45,45,0.45,44.55,44.55,9900,100,true,
POLISHED_CINNABAR_SLAB,0.22,survival_sulfur_caves.yml,survival_sulfur_caves,7,2,16,/buy survival_sulfur_caves 2,1,22,22,0.22,21.78,21.78,9900,100,true,
POLISHED_CINNABAR_STAIRS,0.45,survival_sulfur_caves.yml,survival_sulfur_caves,8,2,19,/buy survival_sulfur_caves 2,1,45,45,0.45,44.55,44.55,9900,100,true,
POLISHED_CINNABAR_WALL,0.45,survival_sulfur_caves.yml,survival_sulfur_caves,9,2,20,/buy survival_sulfur_caves 2,1,45,45,0.45,44.55,44.55,9900,100,true,
POLISHED_DEEPSLATE,0.3,survival_deepslate.yml,survival_deepslate,7,1,19,/buy survival_deepslate 1,1,30,30,0.3,29.7,29.7,9900,100,true,
POLISHED_DEEPSLATE_SLAB,0.15,survival_deepslate.yml,survival_deepslate,8,1,20,/buy survival_deepslate 1,1,15,15,0.15,14.85,14.85,9900,100,true,
POLISHED_DEEPSLATE_STAIRS,0.3,survival_deepslate.yml,survival_deepslate,9,1,21,/buy survival_deepslate 1,1,30,30,0.3,29.7,29.7,9900,100,true,
POLISHED_DEEPSLATE_WALL,0.3,survival_deepslate.yml,survival_deepslate,10,1,22,/buy survival_deepslate 1,1,30,30,0.3,29.7,29.7,9900,100,true,
POLISHED_DIORITE,0.44,,,,,,,,,,,,,,,false,not listed
POLISHED_DIORITE_SLAB,0.44,,,,,,,,,,,,,,,false,not listed
POLISHED_DIORITE_STAIRS,0.44,,,,,,,,,,,,,,,false,not listed
POLISHED_GRANITE,0.66,,,,,,,,,,,,,,,false,not listed
POLISHED_GRANITE_SLAB,0.67,,,,,,,,,,,,,,,false,not listed
POLISHED_GRANITE_STAIRS,0.67,,,,,,,,,,,,,,,false,not listed
POLISHED_SULFUR,0.3,survival_sulfur_caves.yml,survival_sulfur_caves,19,1,15,/buy survival_sulfur_caves 1,1,30,30,0.3,29.7,29.7,9900,100,true,
POLISHED_SULFUR_SLAB,0.15,survival_sulfur_caves.yml,survival_sulfur_caves,20,1,16,/buy survival_sulfur_caves 1,1,15,15,0.15,14.85,14.85,9900,100,true,
POLISHED_SULFUR_STAIRS,0.3,survival_sulfur_caves.yml,survival_sulfur_caves,21,1,19,/buy survival_sulfur_caves 1,1,30,30,0.3,29.7,29.7,9900,100,true,
POLISHED_SULFUR_WALL,0.3,survival_sulfur_caves.yml,survival_sulfur_caves,22,1,20,/buy survival_sulfur_caves 1,1,30,30,0.3,29.7,29.7,9900,100,true,
POLISHED_TUFF,0.51,survival_tuff.yml,survival_tuff,6,1,19,/buy survival_tuff 1,1,51,51,0.51,50.49,50.49,9900,100,true,
POLISHED_TUFF_SLAB,0.25,survival_tuff.yml,survival_tuff,7,1,20,/buy survival_tuff 1,1,25,25,0.25,24.75,24.75,9900,100,true,
POLISHED_TUFF_STAIRS,0.51,survival_tuff.yml,survival_tuff,8,1,21,/buy survival_tuff 1,1,51,51,0.51,50.49,50.49,9900,100,true,
POLISHED_TUFF_WALL,0.51,survival_tuff.yml,survival_tuff,9,1,22,/buy survival_tuff 1,1,51,51,0.51,50.49,50.49,9900,100,true,
POPPED_CHORUS_FRUIT,0.3,survival_end.yml,survival_end,12,1,23,/buy survival_end 1,1,30,30,0.3,29.7,29.7,9900,100,true,
POPPY,0.2,survival_farming_plants.yml,survival_farming_plants,2,1,11,/buy survival_farming_plants 1,1,20,20,0.2,19.8,19.8,9900,100,true,
PORKCHOP,0.2,survival_food.yml,survival_food,34,2,24,/buy survival_food 2,1,20,20,0.2,19.8,19.8,9900,100,true,
POTATO,0.44,survival_farming_crops.yml,survival_farming_crops,13,1,24,/buy survival_farming_crops 1,1,44,44,0.44,43.56,43.56,9900,100,true,
POTATO,0.44,survival_food.yml,survival_food,25,2,13,/buy survival_food 2,1,44,44,0.44,43.56,43.56,9900,100,true,
POTENT_SULFUR,2.7,survival_sulfur_caves.yml,survival_sulfur_caves,28,1,28,/buy survival_sulfur_caves 1,1,270,270,2.7,267.3,267.3,9900,100,true,
POTION,1.29,,,,,,,,,,,,,,,false,not listed
POWDER_SNOW_BUCKET,8.56,survival_tools.yml,survival_tools,52,2,24,/buy survival_tools 2,1,856,856,8.56,847.44,847.44,9900,100,true,
POWERED_RAIL,1,survival_ores_gold.yml,survival_ores_gold,26,2,14,/buy survival_ores_gold 2,1,100,100,1,99,99,9900,100,true,
POWERED_RAIL,1,survival_ores_redstone.yml,survival_ores_redstone,28,2,16,/buy survival_ores_redstone 2,1,100,100,1,99,99,9900,100,true,
PRISMARINE,0.8,survival_prismarine.yml,survival_prismarine,1,1,10,/buy survival_prismarine 1,1,80,80,0.8,79.2,79.2,9900,100,true,
PRISMARINE_BRICKS,1.8,survival_prismarine.yml,survival_prismarine,5,1,19,/buy survival_prismarine 1,1,180,180,1.8,178.2,178.2,9900,100,true,
PRISMARINE_BRICK_SLAB,0.9,survival_prismarine.yml,survival_prismarine,6,1,20,/buy survival_prismarine 1,1,90,90,0.9,89.1,89.1,9900,100,true,
PRISMARINE_BRICK_STAIRS,2.7,survival_prismarine.yml,survival_prismarine,7,1,21,/buy survival_prismarine 1,1,270,270,2.7,267.3,267.3,9900,100,true,
PRISMARINE_CRYSTALS,0.25,survival_mobdrops.yml,survival_mobdrops,14,1,25,/buy survival_mobdrops 1,1,25,25,0.25,24.75,24.75,9900,100,true,
PRISMARINE_SHARD,0.1,survival_mobdrops.yml,survival_mobdrops,13,1,24,/buy survival_mobdrops 1,1,10,10,0.1,9.9,9.9,9900,100,true,
PRISMARINE_SLAB,0.4,survival_prismarine.yml,survival_prismarine,2,1,11,/buy survival_prismarine 1,1,40,40,0.4,39.6,39.6,9900,100,true,
PRISMARINE_STAIRS,1.2,survival_prismarine.yml,survival_prismarine,3,1,12,/buy survival_prismarine 1,1,120,120,1.2,118.8,118.8,9900,100,true,
PRISMARINE_WALL,0.8,survival_prismarine.yml,survival_prismarine,4,1,13,/buy survival_prismarine 1,1,80,80,0.8,79.2,79.2,9900,100,true,
PRIZE_POTTERY_SHERD,25,survival_sherds.yml,survival_sherds,18,1,31,/buy survival_sherds 1,1,2500,2500,25,2475,2475,9900,100,true,
PUFFERFISH,10,survival_food.yml,survival_food,26,2,14,/buy survival_food 2,1,1000,1000,10,990,990,9900,100,true,
PUFFERFISH_BUCKET,10,,,,,,,,,,,,,,,false,not listed
PUMPKIN,1.5,survival_farming_crops.yml,survival_farming_crops,9,1,20,/buy survival_farming_crops 1,1,150,150,1.5,148.5,148.5,9900,100,true,
PUMPKIN_PIE,3.33,survival_food.yml,survival_food,27,2,15,/buy survival_food 2,1,333,333,3.33,329.67,329.67,9900,100,true,
PUMPKIN_SEEDS,0.2,survival_farming_crops.yml,survival_farming_crops,2,1,11,/buy survival_farming_crops 1,1,20,20,0.2,19.8,19.8,9900,100,true,
PURPLE_BANNER,1,survival_wools.yml,survival_wools,59,4,22,/buy survival_wools 4,1,100,100,1,99,99,9900,100,true,
PURPLE_BED,1.96,survival_wools.yml,survival_wools,43,3,22,/buy survival_wools 3,1,196,196,1.96,194.04,194.04,9900,100,true,
PURPLE_BUNDLE,0.44,survival_misc.yml,survival_misc,34,2,25,/buy survival_misc 2,1,44,44,0.44,43.56,43.56,9900,100,true,
PURPLE_CANDLE,4.18,survival_misc.yml,survival_misc,18,1,31,/buy survival_misc 1,1,418,418,4.18,413.82,413.82,9900,100,true,
PURPLE_CARPET,0.34,survival_wools.yml,survival_wools,30,2,25,/buy survival_wools 2,1,34,34,0.34,33.66,33.66,9900,100,true,
PURPLE_CONCRETE,0.05,survival_concrete.yml,survival_concrete,19,1,32,/buy survival_concrete 1,1,5,5,0.05,4.95,4.95,9900,100,true,
PURPLE_CONCRETE_POWDER,0.05,survival_concrete.yml,survival_concrete,20,1,33,/buy survival_concrete 1,1,5,5,0.05,4.95,4.95,9900,100,true,
PURPLE_DYE,0.1,survival_dyes.yml,survival_dyes,14,1,25,/buy survival_dyes 1,1,10,10,0.1,9.9,9.9,9900,100,true,
PURPLE_GLAZED_TERRACOTTA,0.31,survival_terracotta.yml,survival_terracotta,31,2,25,/buy survival_terracotta 2,1,31,31,0.31,30.69,30.69,9900,100,true,
PURPLE_HARNESS,1.33,survival_armor.yml,survival_armor,53,3,25,/buy survival_armor 3,1,133,133,1.33,131.67,131.67,9900,100,true,
PURPLE_SHULKER_BOX,2040.1,survival_end.yml,survival_end,24,2,12,/buy survival_end 2,1,204010,204010,2040.1,201969.9,201969.9,9900,100,true,
PURPLE_STAINED_GLASS,0.05,survival_glass.yml,survival_glass,16,1,29,/buy survival_glass 1,1,5,5,0.05,4.95,4.95,9900,100,true,
PURPLE_STAINED_GLASS_PANE,0.01,survival_glass.yml,survival_glass,33,2,23,/buy survival_glass 2,1,1,1,0.01,0.99,0.99,9900,100,true,
PURPLE_TERRACOTTA,0.31,survival_terracotta.yml,survival_terracotta,15,1,28,/buy survival_terracotta 1,1,31,31,0.31,30.69,30.69,9900,100,true,
PURPLE_WOOL,0.51,survival_wools.yml,survival_wools,14,1,25,/buy survival_wools 1,1,51,51,0.51,50.49,50.49,9900,100,true,
PURPUR_BLOCK,1.22,survival_blocks.yml,survival_blocks,40,2,32,/buy survival_blocks 2,1,122,122,1.22,120.78,120.78,9900,100,true,
PURPUR_BLOCK,1.22,survival_end.yml,survival_end,5,1,14,/buy survival_end 1,1,122,122,1.22,120.78,120.78,9900,100,true,
PURPUR_PILLAR,1.24,survival_end.yml,survival_end,6,1,15,/buy survival_end 1,1,124,124,1.24,122.76,122.76,9900,100,true,
PURPUR_SLAB,1.24,survival_end.yml,survival_end,8,1,19,/buy survival_end 1,1,124,124,1.24,122.76,122.76,9900,100,true,
PURPUR_STAIRS,1.24,survival_end.yml,survival_end,7,1,16,/buy survival_end 1,1,124,124,1.24,122.76,122.76,9900,100,true,
QUARTZ,0.22,survival_ores_quartz.yml,survival_ores_quartz,1,1,10,/buy survival_ores_quartz 1,1,22,22,0.22,21.78,21.78,9900,100,true,
QUARTZ_BLOCK,0.8,survival_blocks.yml,survival_blocks,12,1,23,/buy survival_blocks 1,1,80,80,0.8,79.2,79.2,9900,100,true,
QUARTZ_BLOCK,0.8,survival_ores_quartz.yml,survival_ores_quartz,3,1,12,/buy survival_ores_quartz 1,1,80,80,0.8,79.2,79.2,9900,100,true,
QUARTZ_BRICKS,0.8,survival_ores_quartz.yml,survival_ores_quartz,10,1,21,/buy survival_ores_quartz 1,1,80,80,0.8,79.2,79.2,9900,100,true,
QUARTZ_PILLAR,0.8,survival_ores_quartz.yml,survival_ores_quartz,8,1,19,/buy survival_ores_quartz 1,1,80,80,0.8,79.2,79.2,9900,100,true,
QUARTZ_SLAB,0.4,survival_ores_quartz.yml,survival_ores_quartz,7,1,16,/buy survival_ores_quartz 1,1,40,40,0.4,39.6,39.6,9900,100,true,
QUARTZ_STAIRS,1.2,survival_ores_quartz.yml,survival_ores_quartz,5,1,14,/buy survival_ores_quartz 1,1,120,120,1.2,118.8,118.8,9900,100,true,
RABBIT,0.2,survival_food.yml,survival_food,28,2,16,/buy survival_food 2,1,20,20,0.2,19.8,19.8,9900,100,true,
RABBIT_FOOT,4.4,survival_mobdrops.yml,survival_mobdrops,19,1,32,/buy survival_mobdrops 1,1,440,440,4.4,435.6,435.6,9900,100,true,
RABBIT_HIDE,3.3,survival_mobdrops.yml,survival_mobdrops,20,1,33,/buy survival_mobdrops 1,1,330,330,3.3,326.7,326.7,9900,100,true,
RABBIT_STEW,2,survival_food.yml,survival_food,29,2,19,/buy survival_food 2,1,200,200,2,198,198,9900,100,true,
RAIL,1.05,survival_ores_redstone.yml,survival_ores_redstone,30,2,20,/buy survival_ores_redstone 2,1,105,105,1.05,103.95,103.95,9900,100,true,
RAISER_ARMOR_TRIM_SMITHING_TEMPLATE,250,island_templates.yml,island_templates,6,1,15,/buy island_templates 1,1,25000,25000,250,24750,24750,9900,100,true,
RAW_COPPER,0.5,survival_ores_copper.yml,survival_ores_copper,1,1,10,/buy survival_ores_copper 1,1,50,50,0.5,49.5,49.5,9900,100,true,
RAW_COPPER_BLOCK,4.59,survival_ores_copper.yml,survival_ores_copper,3,1,12,/buy survival_ores_copper 1,1,459,459,4.59,454.41,454.41,9900,100,true,
RAW_GOLD,2.6,survival_ores_gold.yml,survival_ores_gold,4,1,13,/buy survival_ores_gold 1,1,260,260,2.6,257.4,257.4,9900,100,true,
RAW_GOLD_BLOCK,23.86,survival_ores_gold.yml,survival_ores_gold,5,1,14,/buy survival_ores_gold 1,1,2386,2386,23.86,2362.14,2362.14,9900,100,true,
RAW_IRON,2.75,survival_ores_iron.yml,survival_ores_iron,2,1,11,/buy survival_ores_iron 1,1,275,275,2.75,272.25,272.25,9900,100,true,
RAW_IRON_BLOCK,25.24,survival_ores_iron.yml,survival_ores_iron,3,1,12,/buy survival_ores_iron 1,1,2524,2524,25.24,2498.76,2498.76,9900,100,true,
RECOVERY_COMPASS,52.56,survival_tools.yml,survival_tools,34,2,30,/buy survival_tools 2,1,5256,5256,52.56,5203.44,5203.44,9900,100,true,
REDSTONE,0.11,survival_ores_redstone.yml,survival_ores_redstone,1,1,10,/buy survival_ores_redstone 1,1,11,11,0.11,10.89,10.89,9900,100,true,
REDSTONE_BLOCK,1.09,survival_ores_redstone.yml,survival_ores_redstone,2,1,11,/buy survival_ores_redstone 1,1,109,109,1.09,107.91,107.91,9900,100,true,
REDSTONE_LAMP,1.44,survival_ores_redstone.yml,survival_ores_redstone,26,2,14,/buy survival_ores_redstone 2,1,144,144,1.44,142.56,142.56,9900,100,true,
REDSTONE_ORE,0.5,survival_ores_redstone.yml,survival_ores_redstone,4,1,13,/buy survival_ores_redstone 1,1,50,50,0.5,49.5,49.5,9900,100,true,
REDSTONE_TORCH,0.23,survival_ores_redstone.yml,survival_ores_redstone,5,1,14,/buy survival_ores_redstone 1,1,23,23,0.23,22.77,22.77,9900,100,true,
RED_BANNER,1,survival_wools.yml,survival_wools,63,4,28,/buy survival_wools 4,1,100,100,1,99,99,9900,100,true,
RED_BED,1.95,survival_wools.yml,survival_wools,47,3,28,/buy survival_wools 3,1,195,195,1.95,193.05,193.05,9900,100,true,
RED_BUNDLE,0.43,survival_misc.yml,survival_misc,26,2,15,/buy survival_misc 2,1,43,43,0.43,42.57,42.57,9900,100,true,
RED_CANDLE,4.17,survival_misc.yml,survival_misc,10,1,21,/buy survival_misc 1,1,417,417,4.17,412.83,412.83,9900,100,true,
RED_CARPET,0.33,survival_wools.yml,survival_wools,22,2,15,/buy survival_wools 2,1,33,33,0.33,32.67,32.67,9900,100,true,
RED_CONCRETE,0.05,survival_concrete.yml,survival_concrete,27,2,15,/buy survival_concrete 2,1,5,5,0.05,4.95,4.95,9900,100,true,
RED_CONCRETE_POWDER,0.05,survival_concrete.yml,survival_concrete,28,2,16,/buy survival_concrete 2,1,5,5,0.05,4.95,4.95,9900,100,true,
RED_DYE,0.09,survival_dyes.yml,survival_dyes,6,1,15,/buy survival_dyes 1,1,9,9,0.09,8.91,8.91,9900,100,true,
RED_GLAZED_TERRACOTTA,0.31,survival_terracotta.yml,survival_terracotta,23,2,15,/buy survival_terracotta 2,1,31,31,0.31,30.69,30.69,9900,100,true,
RED_HARNESS,1.31,survival_armor.yml,survival_armor,45,3,15,/buy survival_armor 3,1,131,131,1.31,129.69,129.69,9900,100,true,
RED_MUSHROOM,0.24,survival_farming_crops.yml,survival_farming_crops,22,1,37,/buy survival_farming_crops 1,1,24,24,0.24,23.76,23.76,9900,100,true,
RED_MUSHROOM_BLOCK,2.2,survival_logs.yml,survival_logs,14,1,25,/buy survival_logs 1,1,220,220,2.2,217.8,217.8,9900,100,true,
RED_NETHER_BRICKS,1.04,survival_nether.yml,survival_nether,19,1,32,/buy survival_nether 1,1,104,104,1.04,102.96,102.96,9900,100,true,
RED_NETHER_BRICK_SLAB,1.06,survival_nether.yml,survival_nether,20,1,33,/buy survival_nether 1,1,106,106,1.06,104.94,104.94,9900,100,true,
RED_NETHER_BRICK_STAIRS,1.06,survival_nether.yml,survival_nether,21,1,34,/buy survival_nether 1,1,106,106,1.06,104.94,104.94,9900,100,true,
RED_NETHER_BRICK_WALL,1.04,survival_nether.yml,survival_nether,22,2,10,/buy survival_nether 2,1,104,104,1.04,102.96,102.96,9900,100,true,
RED_SAND,0.04,survival_blocks.yml,survival_blocks,22,2,10,/buy survival_blocks 2,1,4,4,0.04,3.96,3.96,9900,100,true,
RED_SANDSTONE,0.16,survival_blocks.yml,survival_blocks,23,2,11,/buy survival_blocks 2,1,16,16,0.16,15.84,15.84,9900,100,true,
RED_SANDSTONE_SLAB,0.08,survival_blocks.yml,survival_blocks,70,4,19,/buy survival_blocks 4,1,8,8,0.08,7.92,7.92,9900,100,true,
RED_SANDSTONE_STAIRS,0.16,survival_blocks.yml,survival_blocks,76,4,25,/buy survival_blocks 4,1,16,16,0.16,15.84,15.84,9900,100,true,
RED_SANDSTONE_WALL,0.16,survival_blocks.yml,survival_blocks,80,4,31,/buy survival_blocks 4,1,16,16,0.16,15.84,15.84,9900,100,true,
RED_SHULKER_BOX,2040.09,survival_end.yml,survival_end,30,2,20,/buy survival_end 2,1,204009,204009,2040.09,201968.91,201968.91,9900,100,true,
RED_STAINED_GLASS,0.05,survival_glass.yml,survival_glass,8,1,19,/buy survival_glass 1,1,5,5,0.05,4.95,4.95,9900,100,true,
RED_STAINED_GLASS_PANE,0.01,survival_glass.yml,survival_glass,25,2,13,/buy survival_glass 2,1,1,1,0.01,0.99,0.99,9900,100,true,
RED_TERRACOTTA,0.31,survival_terracotta.yml,survival_terracotta,7,1,16,/buy survival_terracotta 1,1,31,31,0.31,30.69,30.69,9900,100,true,
RED_TULIP,0.2,survival_farming_plants.yml,survival_farming_plants,6,1,15,/buy survival_farming_plants 1,1,20,20,0.2,19.8,19.8,9900,100,true,
RED_WOOL,0.49,survival_wools.yml,survival_wools,6,1,15,/buy survival_wools 1,1,49,49,0.49,48.51,48.51,9900,100,true,
REINFORCED_DEEPSLATE,10,,,,,,,,,,,,,,,false,not listed
REPEATER,2.88,survival_ores_redstone.yml,survival_ores_redstone,6,1,15,/buy survival_ores_redstone 1,1,288,288,2.88,285.12,285.12,9900,100,true,
REPEATING_COMMAND_BLOCK,0.1,,,,,,,,,,,,,,,false,not listed
RESIN_BLOCK,2.29,survival_resin.yml,survival_resin,2,1,11,/buy survival_resin 1,1,229,229,2.29,226.71,226.71,9900,100,true,
RESIN_BRICK,0.25,survival_resin.yml,survival_resin,3,1,12,/buy survival_resin 1,1,25,25,0.25,24.75,24.75,9900,100,true,
RESIN_BRICKS,1.02,survival_resin.yml,survival_resin,4,1,13,/buy survival_resin 1,1,102,102,1.02,100.98,100.98,9900,100,true,
RESIN_BRICK_SLAB,0.52,survival_resin.yml,survival_resin,5,1,14,/buy survival_resin 1,1,52,52,0.52,51.48,51.48,9900,100,true,
RESIN_BRICK_STAIRS,1.04,survival_resin.yml,survival_resin,6,1,15,/buy survival_resin 1,1,104,104,1.04,102.96,102.96,9900,100,true,
RESIN_BRICK_WALL,1.04,survival_resin.yml,survival_resin,7,1,16,/buy survival_resin 1,1,104,104,1.04,102.96,102.96,9900,100,true,
RESIN_CLUMP,0.25,survival_resin.yml,survival_resin,1,1,10,/buy survival_resin 1,1,25,25,0.25,24.75,24.75,9900,100,true,
RESPAWN_ANCHOR,15.3,survival_nether.yml,survival_nether,43,3,15,/buy survival_nether 3,1,1530,1530,15.3,1514.7,1514.7,9900,100,true,
RIB_ARMOR_TRIM_SMITHING_TEMPLATE,250,island_templates.yml,island_templates,7,1,16,/buy island_templates 1,1,25000,25000,250,24750,24750,9900,100,true,
ROOTED_DIRT,0.3,survival_dirts.yml,survival_dirts,3,1,12,/buy survival_dirts 1,1,30,30,0.3,29.7,29.7,9900,100,true,
ROSE_BUSH,0.1,survival_farming_plants.yml,survival_farming_plants,20,1,33,/buy survival_farming_plants 1,1,10,10,0.1,9.9,9.9,9900,100,true,
ROTTEN_FLESH,0.33,survival_food.yml,survival_food,37,2,29,/buy survival_food 2,1,33,33,0.33,32.67,32.67,9900,100,true,
ROTTEN_FLESH,0.33,survival_mobdrops.yml,survival_mobdrops,3,1,12,/buy survival_mobdrops 1,1,33,33,0.33,32.67,32.67,9900,100,true,
SADDLE,3.59,survival_tools.yml,survival_tools,48,2,16,/buy survival_tools 2,1,359,359,3.59,355.41,355.41,9900,100,true,
SALMON,10,survival_food.yml,survival_food,36,2,28,/buy survival_food 2,1,1000,1000,10,990,990,9900,100,true,
SALMON_BUCKET,10,,,,,,,,,,,,,,,false,not listed
SAND,0.03,survival_blocks.yml,survival_blocks,20,1,33,/buy survival_blocks 1,1,3,3,0.03,2.97,2.97,9900,100,true,
SANDSTONE,0.12,survival_blocks.yml,survival_blocks,21,1,34,/buy survival_blocks 1,1,12,12,0.12,11.88,11.88,9900,100,true,
SANDSTONE_SLAB,0.06,survival_blocks.yml,survival_blocks,69,4,16,/buy survival_blocks 4,1,6,6,0.06,5.94,5.94,9900,100,true,
SANDSTONE_STAIRS,0.12,survival_blocks.yml,survival_blocks,75,4,24,/buy survival_blocks 4,1,12,12,0.12,11.88,11.88,9900,100,true,
SANDSTONE_WALL,0.12,survival_blocks.yml,survival_blocks,79,4,30,/buy survival_blocks 4,1,12,12,0.12,11.88,11.88,9900,100,true,
SCAFFOLDING,0.07,,,,,,,,,,,,,,,false,not listed
SCRAPE_POTTERY_SHERD,25,survival_sherds.yml,survival_sherds,19,1,32,/buy survival_sherds 1,1,2500,2500,25,2475,2475,9900,100,true,
SCULK,1,survival_blocks.yml,survival_blocks,48,5,13,/buy survival_blocks 5,1,100,100,1,99,99,9900,100,true,
SCULK_CATALYST,2,survival_blocks.yml,survival_blocks,85,5,15,/buy survival_blocks 5,1,200,200,2,198,198,9900,100,true,
SCULK_SENSOR,10,survival_blocks.yml,survival_blocks,86,5,16,/buy survival_blocks 5,1,1000,1000,10,990,990,9900,100,true,
SCULK_SHRIEKER,3,survival_blocks.yml,survival_blocks,88,5,20,/buy survival_blocks 5,1,300,300,3,297,297,9900,100,true,
SCULK_VEIN,0.1,survival_blocks.yml,survival_blocks,84,5,14,/buy survival_blocks 5,1,10,10,0.1,9.9,9.9,9900,100,true,
SEAGRASS,0.2,survival_coral.yml,survival_coral,32,2,12,/buy survival_coral 2,1,20,20,0.2,19.8,19.8,9900,100,true,
SEA_LANTERN,1.68,survival_blocks.yml,survival_blocks,47,3,14,/buy survival_blocks 3,1,168,168,1.68,166.32,166.32,9900,100,true,
SEA_PICKLE,0.3,survival_coral.yml,survival_coral,30,2,10,/buy survival_coral 2,1,30,30,0.3,29.7,29.7,9900,100,true,
SENTRY_ARMOR_TRIM_SMITHING_TEMPLATE,250,island_templates.yml,island_templates,8,1,19,/buy island_templates 1,1,25000,25000,250,24750,24750,9900,100,true,
SHAPER_ARMOR_TRIM_SMITHING_TEMPLATE,250,island_templates.yml,island_templates,9,1,20,/buy island_templates 1,1,25000,25000,250,24750,24750,9900,100,true,
SHEAF_POTTERY_SHERD,25,survival_sherds.yml,survival_sherds,20,1,33,/buy survival_sherds 1,1,2500,2500,25,2475,2475,9900,100,true,
SHEARS,5.71,survival_ores_iron.yml,survival_ores_iron,15,1,28,/buy survival_ores_iron 1,1,571,571,5.71,565.29,565.29,9900,100,true,
SHEARS,5.71,survival_tools.yml,survival_tools,25,2,10,/buy survival_tools 2,1,571,571,5.71,565.29,565.29,9900,100,true,
SHELTER_POTTERY_SHERD,25,survival_sherds.yml,survival_sherds,21,1,34,/buy survival_sherds 1,1,2500,2500,25,2475,2475,9900,100,true,
SHIELD,4.02,survival_armor.yml,survival_armor,31,2,31,/buy survival_armor 2,1,402,402,4.02,397.98,397.98,9900,100,true,
SHIELD,4.02,survival_ores_iron.yml,survival_ores_iron,17,1,30,/buy survival_ores_iron 1,1,402,402,4.02,397.98,397.98,9900,100,true,
SHIELD,4.02,survival_weapons.yml,survival_weapons,20,2,23,/buy survival_weapons 2,1,402,402,4.02,397.98,397.98,9900,100,true,
SHORT_DRY_GRASS,0.2,survival_farming_plants.yml,survival_farming_plants,38,2,21,/buy survival_farming_plants 2,1,20,20,0.2,19.8,19.8,9900,100,true,
SHORT_GRASS,0.2,survival_farming_plants.yml,survival_farming_plants,40,2,23,/buy survival_farming_plants 2,1,20,20,0.2,19.8,19.8,9900,100,true,
SHROOMLIGHT,1.5,survival_nether.yml,survival_nether,12,1,23,/buy survival_nether 1,1,150,150,1.5,148.5,148.5,9900,100,true,
SHULKER_BOX,2000,survival_end.yml,survival_end,23,2,11,/buy survival_end 2,1,200000,200000,2000,198000,198000,9900,100,true,
SHULKER_SHELL,1000,survival_end.yml,survival_end,18,1,31,/buy survival_end 1,1,100000,100000,1000,99000,99000,9900,100,true,
SHULKER_SHELL,1000,survival_mobdrops.yml,survival_mobdrops,12,1,23,/buy survival_mobdrops 1,1,100000,100000,1000,99000,99000,9900,100,true,
SILENCE_ARMOR_TRIM_SMITHING_TEMPLATE,250,island_templates.yml,island_templates,10,1,21,/buy island_templates 1,1,25000,25000,250,24750,24750,9900,100,true,
SKELETON_SKULL,150,survival_mobdrops.yml,survival_mobdrops,28,2,19,/buy survival_mobdrops 2,1,15000,15000,150,14850,14850,9900,100,true,
SKULL_BANNER_PATTERN,612.28,,,,,,,,,,,,,,,false,not listed
SKULL_POTTERY_SHERD,25,survival_sherds.yml,survival_sherds,22,2,10,/buy survival_sherds 2,1,2500,2500,25,2475,2475,9900,100,true,
SLIME_BALL,1.1,survival_mobdrops.yml,survival_mobdrops,7,1,16,/buy survival_mobdrops 1,1,110,110,1.1,108.9,108.9,9900,100,true,
SLIME_BLOCK,10.89,,,,,,,,,,,,,,,false,not listed
SMALL_AMETHYST_BUD,1,survival_ores_amethyst.yml,survival_ores_amethyst,1,1,10,/buy survival_ores_amethyst 1,1,100,100,1,99,99,9900,100,true,
SMALL_DRIPLEAF,0.7,survival_farming_plants.yml,survival_farming_plants,48,2,33,/buy survival_farming_plants 2,1,70,70,0.7,69.3,69.3,9900,100,true,
SMITHING_TABLE,6.42,survival_misc.yml,survival_misc,3,1,12,/buy survival_misc 1,1,642,642,6.42,635.58,635.58,9900,100,true,
SMOKER,6.05,,,,,,,,,,,,,,,false,not listed
SMOOTH_BASALT,1.02,survival_nether.yml,survival_nether,5,1,14,/buy survival_nether 1,1,102,102,1.02,100.98,100.98,9900,100,true,
SMOOTH_BASALT,1.02,survival_ores_amethyst.yml,survival_ores_amethyst,10,1,21,/buy survival_ores_amethyst 1,1,102,102,1.02,100.98,100.98,9900,100,true,
SMOOTH_QUARTZ,0.8,survival_ores_quartz.yml,survival_ores_quartz,4,1,13,/buy survival_ores_quartz 1,1,80,80,0.8,79.2,79.2,9900,100,true,
SMOOTH_QUARTZ_SLAB,0.4,survival_ores_quartz.yml,survival_ores_quartz,13,1,22,/buy survival_ores_quartz 1,1,40,40,0.4,39.6,39.6,9900,100,true,
SMOOTH_QUARTZ_STAIRS,1.2,survival_ores_quartz.yml,survival_ores_quartz,6,1,15,/buy survival_ores_quartz 1,1,120,120,1.2,118.8,118.8,9900,100,true,
SMOOTH_RED_SANDSTONE,0.16,survival_blocks.yml,survival_blocks,68,4,15,/buy survival_blocks 4,1,16,16,0.16,15.84,15.84,9900,100,true,
SMOOTH_RED_SANDSTONE_SLAB,0.08,survival_blocks.yml,survival_blocks,74,4,23,/buy survival_blocks 4,1,8,8,0.08,7.92,7.92,9900,100,true,
SMOOTH_RED_SANDSTONE_STAIRS,0.16,survival_blocks.yml,survival_blocks,78,4,29,/buy survival_blocks 4,1,16,16,0.16,15.84,15.84,9900,100,true,
SMOOTH_SANDSTONE,0.12,survival_blocks.yml,survival_blocks,67,4,14,/buy survival_blocks 4,1,12,12,0.12,11.88,11.88,9900,100,true,
SMOOTH_SANDSTONE_SLAB,0.06,survival_blocks.yml,survival_blocks,73,4,22,/buy survival_blocks 4,1,6,6,0.06,5.94,5.94,9900,100,true,
SMOOTH_SANDSTONE_STAIRS,0.12,survival_blocks.yml,survival_blocks,77,4,28,/buy survival_blocks 4,1,12,12,0.12,11.88,11.88,9900,100,true,
SMOOTH_STONE,0.3,survival_stone.yml,survival_stone,2,1,11,/buy survival_stone 1,1,30,30,0.3,29.7,29.7,9900,100,true,
SMOOTH_STONE_SLAB,0.15,survival_stone.yml,survival_stone,7,1,16,/buy survival_stone 1,1,15,15,0.15,14.85,14.85,9900,100,true,
SNIFFER_EGG,50,,,,,,,,,,,,,,,false,not listed
SNORT_POTTERY_SHERD,25,survival_sherds.yml,survival_sherds,23,2,11,/buy survival_sherds 2,1,2500,2500,25,2475,2475,9900,100,true,
SNOUT_ARMOR_TRIM_SMITHING_TEMPLATE,250,island_templates.yml,island_templates,11,1,22,/buy island_templates 1,1,25000,25000,250,24750,24750,9900,100,true,
SNOW,0.15,survival_blocks.yml,survival_blocks,81,5,10,/buy survival_blocks 5,1,15,15,0.15,14.85,14.85,9900,100,true,
SNOWBALL,0.01,,,,,,,,,,,,,,,false,not listed
SNOW_BLOCK,0.05,survival_blocks.yml,survival_blocks,16,1,29,/buy survival_blocks 1,1,5,5,0.05,4.95,4.95,9900,100,true,
SOUL_CAMPFIRE,3.47,survival_nether.yml,survival_nether,41,2,32,/buy survival_nether 2,1,347,347,3.47,343.53,343.53,9900,100,true,
SOUL_LANTERN,3.95,survival_nether.yml,survival_nether,42,2,33,/buy survival_nether 2,1,395,395,3.95,391.05,391.05,9900,100,true,
SOUL_SAND,0.1,survival_blocks.yml,survival_blocks,31,2,21,/buy survival_blocks 2,1,10,10,0.1,9.9,9.9,9900,100,true,
SOUL_SAND,0.1,survival_nether.yml,survival_nether,2,1,11,/buy survival_nether 1,1,10,10,0.1,9.9,9.9,9900,100,true,
SOUL_SOIL,0.1,survival_nether.yml,survival_nether,3,1,12,/buy survival_nether 1,1,10,10,0.1,9.9,9.9,9900,100,true,
SOUL_TORCH,1.4,survival_nether.yml,survival_nether,40,2,31,/buy survival_nether 2,1,140,140,1.4,138.6,138.6,9900,100,true,
SPECTRAL_ARROW,0.55,survival_weapons.yml,survival_weapons,17,2,13,/buy survival_weapons 2,1,55,55,0.55,54.45,54.45,9900,100,true,
SPIDER_EYE,3.3,survival_food.yml,survival_food,38,2,30,/buy survival_food 2,1,330,330,3.3,326.7,326.7,9900,100,true,
SPIDER_EYE,3.3,survival_mobdrops.yml,survival_mobdrops,5,1,14,/buy survival_mobdrops 1,1,330,330,3.3,326.7,326.7,9900,100,true,
SPIRE_ARMOR_TRIM_SMITHING_TEMPLATE,250,island_templates.yml,island_templates,12,1,23,/buy island_templates 1,1,25000,25000,250,24750,24750,9900,100,true,
SPLASH_POTION,0,,,,,,,,,,,,,,,false,not listed
SPONGE,50,survival_blocks.yml,survival_blocks,19,1,32,/buy survival_blocks 1,1,5000,5000,50,4950,4950,9900,100,true,
SPORE_BLOSSOM,10,survival_farming_plants.yml,survival_farming_plants,26,1,41,/buy survival_farming_plants 1,1,1000,1000,10,990,990,9900,100,true,
SPRUCE_BOAT,1.23,survival_wood_products.yml,survival_wood_products,137,7,11,/buy survival_wood_products 7,1,123,123,1.23,121.77,121.77,9900,100,true,
SPRUCE_BUTTON,0.23,survival_wood_products.yml,survival_wood_products,89,4,29,/buy survival_wood_products 4,1,23,23,0.23,22.77,22.77,9900,100,true,
SPRUCE_CHEST_BOAT,2.27,survival_wood_products.yml,survival_wood_products,147,7,29,/buy survival_wood_products 7,1,227,227,2.27,224.73,224.73,9900,100,true,
SPRUCE_DOOR,0.49,survival_wood_products.yml,survival_wood_products,65,3,29,/buy survival_wood_products 3,1,49,49,0.49,48.51,48.51,9900,100,true,
SPRUCE_FENCE,0.39,survival_wood_products.yml,survival_wood_products,41,2,29,/buy survival_wood_products 2,1,39,39,0.39,38.61,38.61,9900,100,true,
SPRUCE_FENCE_GATE,0.31,survival_wood_products.yml,survival_wood_products,53,3,11,/buy survival_wood_products 3,1,31,31,0.31,30.69,30.69,9900,100,true,
SPRUCE_HANGING_SIGN,17.99,survival_wood_products.yml,survival_wood_products,125,6,11,/buy survival_wood_products 6,1,1799,1799,17.99,1781.01,1781.01,9900,100,true,
SPRUCE_LEAVES,0.4,survival_farming_trees.yml,survival_farming_trees,11,1,22,/buy survival_farming_trees 1,1,40,40,0.4,39.6,39.6,9900,100,true,
SPRUCE_LEAVES,0.4,survival_logs.yml,survival_logs,60,3,29,/buy survival_logs 3,1,40,40,0.4,39.6,39.6,9900,100,true,
SPRUCE_LOG,1,survival_logs.yml,survival_logs,2,1,11,/buy survival_logs 1,1,100,100,1,99,99,9900,100,true,
SPRUCE_PLANKS,0.23,survival_wood_products.yml,survival_wood_products,2,1,11,/buy survival_wood_products 1,1,23,23,0.23,22.77,22.77,9900,100,true,
SPRUCE_PRESSURE_PLATE,0.48,survival_wood_products.yml,survival_wood_products,101,5,11,/buy survival_wood_products 5,1,48,48,0.48,47.52,47.52,9900,100,true,
SPRUCE_SAPLING,0.31,survival_farming_trees.yml,survival_farming_trees,2,1,11,/buy survival_farming_trees 1,1,31,31,0.31,30.69,30.69,9900,100,true,
SPRUCE_SAPLING,0.31,survival_logs.yml,survival_logs,49,3,16,/buy survival_logs 3,1,31,31,0.31,30.69,30.69,9900,100,true,
SPRUCE_SHELF,0.99,survival_logs.yml,survival_logs,71,4,15,/buy survival_logs 4,1,99,99,0.99,98.01,98.01,9900,100,true,
SPRUCE_SIGN,1.3,survival_wood_products.yml,survival_wood_products,113,5,29,/buy survival_wood_products 5,1,130,130,1.3,128.7,128.7,9900,100,true,
SPRUCE_SLAB,0.11,survival_wood_products.yml,survival_wood_products,15,1,29,/buy survival_wood_products 1,1,11,11,0.11,10.89,10.89,9900,100,true,
SPRUCE_STAIRS,0.36,survival_wood_products.yml,survival_wood_products,28,2,11,/buy survival_wood_products 2,1,36,36,0.36,35.64,35.64,9900,100,true,
SPRUCE_TRAPDOOR,0.74,survival_wood_products.yml,survival_wood_products,77,4,11,/buy survival_wood_products 4,1,74,74,0.74,73.26,73.26,9900,100,true,
SPRUCE_WOOD,1.31,survival_logs.yml,survival_logs,16,1,29,/buy survival_logs 1,1,131,131,1.31,129.69,129.69,9900,100,true,
SPYGLASS,1.44,survival_ores_amethyst.yml,survival_ores_amethyst,12,1,22,/buy survival_ores_amethyst 1,1,144,144,1.44,142.56,142.56,9900,100,true,
SPYGLASS,1.44,survival_ores_copper.yml,survival_ores_copper,144,7,29,/buy survival_ores_copper 7,1,144,144,1.44,142.56,142.56,9900,100,true,
SPYGLASS,1.44,survival_tools.yml,survival_tools,30,2,32,/buy survival_tools 2,1,144,144,1.44,142.56,142.56,9900,100,true,
STICK,0.1,survival_ores_coal.yml,survival_ores_coal,10,1,21,/buy survival_ores_coal 1,1,10,10,0.1,9.9,9.9,9900,100,true,
STICKY_PISTON,5.06,survival_ores_redstone.yml,survival_ores_redstone,10,1,21,/buy survival_ores_redstone 1,1,506,506,5.06,500.94,500.94,9900,100,true,
STONE,0.3,survival_stone.yml,survival_stone,1,1,10,/buy survival_stone 1,1,30,30,0.3,29.7,29.7,9900,100,true,
STONECUTTER,51.91,,,,,,,,,,,,,,,false,not listed
STONE_AXE,0.81,survival_tools.yml,survival_tools,8,1,20,/buy survival_tools 1,1,81,81,0.81,80.19,80.19,9900,100,true,
STONE_AXE,0.81,survival_weapons.yml,survival_weapons,8,1,20,/buy survival_weapons 1,1,81,81,0.81,80.19,80.19,9900,100,true,
STONE_BRICKS,0.3,survival_blocks.yml,survival_blocks,11,1,22,/buy survival_blocks 1,1,30,30,0.3,29.7,29.7,9900,100,true,
STONE_BRICKS,0.3,survival_stone.yml,survival_stone,8,1,19,/buy survival_stone 1,1,30,30,0.3,29.7,29.7,9900,100,true,
STONE_BRICK_SLAB,0.15,survival_stone.yml,survival_stone,9,1,20,/buy survival_stone 1,1,15,15,0.15,14.85,14.85,9900,100,true,
STONE_BRICK_STAIRS,0.3,survival_stone.yml,survival_stone,10,1,21,/buy survival_stone 1,1,30,30,0.3,29.7,29.7,9900,100,true,
STONE_BRICK_WALL,0.3,survival_stone.yml,survival_stone,11,1,22,/buy survival_stone 1,1,30,30,0.3,29.7,29.7,9900,100,true,
STONE_BUTTON,0.3,survival_ores_redstone.yml,survival_ores_redstone,21,1,34,/buy survival_ores_redstone 1,1,30,30,0.3,29.7,29.7,9900,100,true,
STONE_BUTTON,0.3,survival_stone.yml,survival_stone,5,1,14,/buy survival_stone 1,1,30,30,0.3,29.7,29.7,9900,100,true,
STONE_HOE,0.61,survival_tools.yml,survival_tools,20,1,38,/buy survival_tools 1,1,61,61,0.61,60.39,60.39,9900,100,true,
STONE_PICKAXE,0.81,survival_tools.yml,survival_tools,2,1,11,/buy survival_tools 1,1,81,81,0.81,80.19,80.19,9900,100,true,
STONE_PRESSURE_PLATE,0.61,survival_ores_redstone.yml,survival_ores_redstone,22,2,10,/buy survival_ores_redstone 2,1,61,61,0.61,60.39,60.39,9900,100,true,
STONE_PRESSURE_PLATE,0.61,survival_stone.yml,survival_stone,6,1,15,/buy survival_stone 1,1,61,61,0.61,60.39,60.39,9900,100,true,
STONE_SHOVEL,0.4,survival_tools.yml,survival_tools,14,1,29,/buy survival_tools 1,1,40,40,0.4,39.6,39.6,9900,100,true,
STONE_SLAB,0.15,survival_stone.yml,survival_stone,3,1,12,/buy survival_stone 1,1,15,15,0.15,14.85,14.85,9900,100,true,
STONE_SPEAR,0.4,survival_weapons.yml,survival_weapons,26,1,29,/buy survival_weapons 1,1,40,40,0.4,39.6,39.6,9900,100,true,
STONE_STAIRS,0.3,survival_stone.yml,survival_stone,4,1,13,/buy survival_stone 1,1,30,30,0.3,29.7,29.7,9900,100,true,
STONE_SWORD,0.51,survival_weapons.yml,survival_weapons,2,1,11,/buy survival_weapons 1,1,51,51,0.51,50.49,50.49,9900,100,true,
STRING,0.1,survival_mobdrops.yml,survival_mobdrops,2,1,11,/buy survival_mobdrops 1,1,10,10,0.1,9.9,9.9,9900,100,true,
STRING,0.1,survival_wools.yml,survival_wools,65,5,10,/buy survival_wools 5,1,10,10,0.1,9.9,9.9,9900,100,true,
STRIPPED_ACACIA_LOG,0.98,survival_logs.yml,survival_logs,30,2,20,/buy survival_logs 2,1,98,98,0.98,97.02,97.02,9900,100,true,
STRIPPED_ACACIA_WOOD,0.98,survival_logs.yml,survival_logs,41,2,33,/buy survival_logs 2,1,98,98,0.98,97.02,97.02,9900,100,true,
STRIPPED_BAMBOO_BLOCK,0.98,survival_logs.yml,survival_logs,82,4,30,/buy survival_logs 4,1,98,98,0.98,97.02,97.02,9900,100,true,
STRIPPED_BIRCH_LOG,0.98,survival_logs.yml,survival_logs,28,2,16,/buy survival_logs 2,1,98,98,0.98,97.02,97.02,9900,100,true,
STRIPPED_BIRCH_WOOD,0.98,survival_logs.yml,survival_logs,39,2,31,/buy survival_logs 2,1,98,98,0.98,97.02,97.02,9900,100,true,
STRIPPED_CHERRY_LOG,0.98,survival_logs.yml,survival_logs,33,2,23,/buy survival_logs 2,1,98,98,0.98,97.02,97.02,9900,100,true,
STRIPPED_CHERRY_WOOD,0.98,survival_logs.yml,survival_logs,44,3,11,/buy survival_logs 3,1,98,98,0.98,97.02,97.02,9900,100,true,
STRIPPED_CRIMSON_HYPHAE,1.49,survival_logs.yml,survival_logs,46,3,13,/buy survival_logs 3,1,149,149,1.49,147.51,147.51,9900,100,true,
STRIPPED_CRIMSON_STEM,1.1,survival_logs.yml,survival_logs,35,2,25,/buy survival_logs 2,1,110,110,1.1,108.9,108.9,9900,100,true,
STRIPPED_DARK_OAK_LOG,0.98,survival_logs.yml,survival_logs,31,2,21,/buy survival_logs 2,1,98,98,0.98,97.02,97.02,9900,100,true,
STRIPPED_DARK_OAK_WOOD,0.98,survival_logs.yml,survival_logs,42,2,34,/buy survival_logs 2,1,98,98,0.98,97.02,97.02,9900,100,true,
STRIPPED_JUNGLE_LOG,0.98,survival_logs.yml,survival_logs,29,2,19,/buy survival_logs 2,1,98,98,0.98,97.02,97.02,9900,100,true,
STRIPPED_JUNGLE_WOOD,0.98,survival_logs.yml,survival_logs,40,2,32,/buy survival_logs 2,1,98,98,0.98,97.02,97.02,9900,100,true,
STRIPPED_MANGROVE_LOG,1,survival_logs.yml,survival_logs,32,2,22,/buy survival_logs 2,1,100,100,1,99,99,9900,100,true,
STRIPPED_MANGROVE_WOOD,1.36,survival_logs.yml,survival_logs,43,3,10,/buy survival_logs 3,1,136,136,1.36,134.64,134.64,9900,100,true,
STRIPPED_OAK_LOG,0.98,survival_logs.yml,survival_logs,26,2,14,/buy survival_logs 2,1,98,98,0.98,97.02,97.02,9900,100,true,
STRIPPED_OAK_WOOD,0.98,survival_logs.yml,survival_logs,37,2,29,/buy survival_logs 2,1,98,98,0.98,97.02,97.02,9900,100,true,
STRIPPED_PALE_OAK_LOG,1,survival_logs.yml,survival_logs,34,2,24,/buy survival_logs 2,1,100,100,1,99,99,9900,100,true,
STRIPPED_PALE_OAK_WOOD,1.25,survival_logs.yml,survival_logs,45,3,12,/buy survival_logs 3,1,125,125,1.25,123.75,123.75,9900,100,true,
STRIPPED_SPRUCE_LOG,0.98,survival_logs.yml,survival_logs,27,2,15,/buy survival_logs 2,1,98,98,0.98,97.02,97.02,9900,100,true,
STRIPPED_SPRUCE_WOOD,0.98,survival_logs.yml,survival_logs,38,2,30,/buy survival_logs 2,1,98,98,0.98,97.02,97.02,9900,100,true,
STRIPPED_WARPED_HYPHAE,1.49,survival_logs.yml,survival_logs,47,3,14,/buy survival_logs 3,1,149,149,1.49,147.51,147.51,9900,100,true,
STRIPPED_WARPED_STEM,1.1,survival_logs.yml,survival_logs,36,2,28,/buy survival_logs 2,1,110,110,1.1,108.9,108.9,9900,100,true,
STRUCTURE_BLOCK,0.1,,,,,,,,,,,,,,,false,not listed
STRUCTURE_VOID,0.1,,,,,,,,,,,,,,,false,not listed
SUGAR,0.1,,,,,,,,,,,,,,,false,not listed
SUGAR_CANE,0.1,survival_farming_crops.yml,survival_farming_crops,15,1,28,/buy survival_farming_crops 1,1,10,10,0.1,9.9,9.9,9900,100,true,
SULFUR,0.3,survival_sulfur_caves.yml,survival_sulfur_caves,14,1,10,/buy survival_sulfur_caves 1,1,30,30,0.3,29.7,29.7,9900,100,true,
SULFUR_BRICKS,0.3,survival_sulfur_caves.yml,survival_sulfur_caves,23,1,21,/buy survival_sulfur_caves 1,1,30,30,0.3,29.7,29.7,9900,100,true,
SULFUR_BRICK_SLAB,0.15,survival_sulfur_caves.yml,survival_sulfur_caves,24,1,22,/buy survival_sulfur_caves 1,1,15,15,0.15,14.85,14.85,9900,100,true,
SULFUR_BRICK_STAIRS,0.3,survival_sulfur_caves.yml,survival_sulfur_caves,25,1,23,/buy survival_sulfur_caves 1,1,30,30,0.3,29.7,29.7,9900,100,true,
SULFUR_BRICK_WALL,0.3,survival_sulfur_caves.yml,survival_sulfur_caves,26,1,24,/buy survival_sulfur_caves 1,1,30,30,0.3,29.7,29.7,9900,100,true,
SULFUR_CUBE_BUCKET,10,survival_sulfur_caves.yml,survival_sulfur_caves,29,1,29,/buy survival_sulfur_caves 1,1,1000,1000,10,990,990,9900,100,true,
SULFUR_SLAB,0.15,survival_sulfur_caves.yml,survival_sulfur_caves,15,1,11,/buy survival_sulfur_caves 1,1,15,15,0.15,14.85,14.85,9900,100,true,
SULFUR_SPIKE,0.08,survival_sulfur_caves.yml,survival_sulfur_caves,27,1,25,/buy survival_sulfur_caves 1,1,8,8,0.08,7.92,7.92,9900,100,true,
SULFUR_STAIRS,0.3,survival_sulfur_caves.yml,survival_sulfur_caves,16,1,12,/buy survival_sulfur_caves 1,1,30,30,0.3,29.7,29.7,9900,100,true,
SULFUR_WALL,0.3,survival_sulfur_caves.yml,survival_sulfur_caves,17,1,13,/buy survival_sulfur_caves 1,1,30,30,0.3,29.7,29.7,9900,100,true,
SUNFLOWER,0.1,survival_farming_plants.yml,survival_farming_plants,18,1,31,/buy survival_farming_plants 1,1,10,10,0.1,9.9,9.9,9900,100,true,
SUSPICIOUS_GRAVEL,0.12,,,,,,,,,,,,,,,false,not listed
SUSPICIOUS_SAND,0.04,,,,,,,,,,,,,,,false,not listed
SUSPICIOUS_STEW,6,,,,,,,,,,,,,,,false,not listed
SWEET_BERRIES,0.3,survival_farming_crops.yml,survival_farming_crops,19,1,32,/buy survival_farming_crops 1,1,30,30,0.3,29.7,29.7,9900,100,true,
SWEET_BERRIES,0.3,survival_food.yml,survival_food,40,2,32,/buy survival_food 2,1,30,30,0.3,29.7,29.7,9900,100,true,
TADPOLE_BUCKET,10,,,,,,,,,,,,,,,false,not listed
TALL_DRY_GRASS,0.2,survival_farming_plants.yml,survival_farming_plants,39,2,22,/buy survival_farming_plants 2,1,20,20,0.2,19.8,19.8,9900,100,true,
TALL_GRASS,0.2,survival_farming_plants.yml,survival_farming_plants,41,2,24,/buy survival_farming_plants 2,1,20,20,0.2,19.8,19.8,9900,100,true,
TARGET,1.56,survival_ores_redstone.yml,survival_ores_redstone,19,1,32,/buy survival_ores_redstone 1,1,156,156,1.56,154.44,154.44,9900,100,true,
TERRACOTTA,0.3,survival_terracotta.yml,survival_terracotta,1,1,10,/buy survival_terracotta 1,1,30,30,0.3,29.7,29.7,9900,100,true,
TIDE_ARMOR_TRIM_SMITHING_TEMPLATE,250,island_templates.yml,island_templates,13,1,24,/buy island_templates 1,1,25000,25000,250,24750,24750,9900,100,true,
TINTED_GLASS,0.83,survival_glass.yml,survival_glass,1,1,10,/buy survival_glass 1,1,83,83,0.83,82.17,82.17,9900,100,true,
TINTED_GLASS,0.83,survival_ores_amethyst.yml,survival_ores_amethyst,9,1,20,/buy survival_ores_amethyst 1,1,83,83,0.83,82.17,82.17,9900,100,true,
TIPPED_ARROW,0,,,,,,,,,,,,,,,false,not listed
TNT,1.24,survival_ores_redstone.yml,survival_ores_redstone,33,2,21,/buy survival_ores_redstone 2,1,124,124,1.24,122.76,122.76,9900,100,true,
TNT_MINECART,15.68,,,,,,,,,,,,,,,false,not listed
TORCH,0.15,,,,,,,,,,,,,,,false,not listed
TORCHFLOWER,0.2,survival_farming_plants.yml,survival_farming_plants,14,1,25,/buy survival_farming_plants 1,1,20,20,0.2,19.8,19.8,9900,100,true,
TORCHFLOWER_SEEDS,0.2,survival_farming_crops.yml,survival_farming_crops,5,1,14,/buy survival_farming_crops 1,1,20,20,0.2,19.8,19.8,9900,100,true,
TOTEM_OF_UNDYING,1190,survival_weapons.yml,survival_weapons,21,2,24,/buy survival_weapons 2,1,119000,119000,1190,117810,117810,9900,100,true,
TRAPPED_CHEST,2,survival_ores_redstone.yml,survival_ores_redstone,25,2,13,/buy survival_ores_redstone 2,1,200,200,2,198,198,9900,100,true,
TRIAL_KEY,20,,,,,,,,,,,,,,,false,not listed
TRIDENT,600,survival_weapons.yml,survival_weapons,15,2,14,/buy survival_weapons 2,1,60000,60000,600,59400,59400,9900,100,true,
TRIPWIRE_HOOK,1.58,survival_ores_redstone.yml,survival_ores_redstone,17,1,30,/buy survival_ores_redstone 1,1,158,158,1.58,156.42,156.42,9900,100,true,
TROPICAL_FISH,10,survival_food.yml,survival_food,41,2,33,/buy survival_food 2,1,1000,1000,10,990,990,9900,100,true,
TROPICAL_FISH_BUCKET,10,,,,,,,,,,,,,,,false,not listed
TUBE_CORAL,1,survival_coral.yml,survival_coral,25,1,40,/buy survival_coral 1,1,100,100,1,99,99,9900,100,true,
TUBE_CORAL_BLOCK,1,survival_blocks.yml,survival_blocks,41,2,33,/buy survival_blocks 2,1,100,100,1,99,99,9900,100,true,
TUBE_CORAL_BLOCK,1,survival_coral.yml,survival_coral,26,1,41,/buy survival_coral 1,1,100,100,1,99,99,9900,100,true,
TUBE_CORAL_FAN,1,survival_coral.yml,survival_coral,27,1,42,/buy survival_coral 1,1,100,100,1,99,99,9900,100,true,
TUFF,0.5,survival_tuff.yml,survival_tuff,1,1,10,/buy survival_tuff 1,1,50,50,0.5,49.5,49.5,9900,100,true,
TUFF_BRICKS,0.51,survival_tuff.yml,survival_tuff,10,1,28,/buy survival_tuff 1,1,51,51,0.51,50.49,50.49,9900,100,true,
TUFF_BRICK_SLAB,0.25,survival_tuff.yml,survival_tuff,11,1,29,/buy survival_tuff 1,1,25,25,0.25,24.75,24.75,9900,100,true,
TUFF_BRICK_STAIRS,0.51,survival_tuff.yml,survival_tuff,12,1,30,/buy survival_tuff 1,1,51,51,0.51,50.49,50.49,9900,100,true,
TUFF_BRICK_WALL,0.51,survival_tuff.yml,survival_tuff,13,1,31,/buy survival_tuff 1,1,51,51,0.51,50.49,50.49,9900,100,true,
TUFF_SLAB,0.25,survival_tuff.yml,survival_tuff,2,1,11,/buy survival_tuff 1,1,25,25,0.25,24.75,24.75,9900,100,true,
TUFF_STAIRS,0.51,survival_tuff.yml,survival_tuff,3,1,12,/buy survival_tuff 1,1,51,51,0.51,50.49,50.49,9900,100,true,
TUFF_WALL,0.5,survival_tuff.yml,survival_tuff,4,1,13,/buy survival_tuff 1,1,50,50,0.5,49.5,49.5,9900,100,true,
TURTLE_EGG,50,,,,,,,,,,,,,,,false,not listed
TURTLE_HELMET,51,survival_armor.yml,survival_armor,25,2,29,/buy survival_armor 2,1,5100,5100,51,5049,5049,9900,100,true,
TURTLE_SCUTE,10,survival_mobdrops.yml,survival_mobdrops,23,2,11,/buy survival_mobdrops 2,1,1000,1000,10,990,990,9900,100,true,
TWISTING_VINES,1,survival_farming_plants.yml,survival_farming_plants,46,2,31,/buy survival_farming_plants 2,1,100,100,1,99,99,9900,100,true,
TWISTING_VINES,1,survival_nether.yml,survival_nether,39,2,30,/buy survival_nether 2,1,100,100,1,99,99,9900,100,true,
VERDANT_FROGLIGHT,1,survival_blocks.yml,survival_blocks,53,3,22,/buy survival_blocks 3,1,100,100,1,99,99,9900,100,true,
VEX_ARMOR_TRIM_SMITHING_TEMPLATE,250,island_templates.yml,island_templates,14,1,25,/buy island_templates 1,1,25000,25000,250,24750,24750,9900,100,true,
VINE,1,survival_farming_plants.yml,survival_farming_plants,44,2,29,/buy survival_farming_plants 2,1,100,100,1,99,99,9900,100,true,
WARD_ARMOR_TRIM_SMITHING_TEMPLATE,250,island_templates.yml,island_templates,15,1,28,/buy island_templates 1,1,25000,25000,250,24750,24750,9900,100,true,
WARPED_BUTTON,0.3,survival_wood_products.yml,survival_wood_products,99,4,41,/buy survival_wood_products 4,1,30,30,0.3,29.7,29.7,9900,100,true,
WARPED_DOOR,0.61,survival_wood_products.yml,survival_wood_products,75,3,41,/buy survival_wood_products 3,1,61,61,0.61,60.39,60.39,9900,100,true,
WARPED_FENCE,0.47,survival_wood_products.yml,survival_wood_products,51,2,41,/buy survival_wood_products 2,1,47,47,0.47,46.53,46.53,9900,100,true,
WARPED_FENCE_GATE,1.01,survival_wood_products.yml,survival_wood_products,63,3,23,/buy survival_wood_products 3,1,101,101,1.01,99.99,99.99,9900,100,true,
WARPED_FUNGUS,0.3,survival_nether.yml,survival_nether,33,2,22,/buy survival_nether 2,1,30,30,0.3,29.7,29.7,9900,100,true,
WARPED_FUNGUS_ON_A_STICK,0.82,survival_tools.yml,survival_tools,33,2,34,/buy survival_tools 2,1,82,82,0.82,81.18,81.18,9900,100,true,
WARPED_HANGING_SIGN,18.12,survival_wood_products.yml,survival_wood_products,135,6,23,/buy survival_wood_products 6,1,1812,1812,18.12,1793.88,1793.88,9900,100,true,
WARPED_HYPHAE,1.63,survival_logs.yml,survival_logs,25,2,13,/buy survival_logs 2,1,163,163,1.63,161.37,161.37,9900,100,true,
WARPED_NYLIUM,0.3,survival_blocks.yml,survival_blocks,59,3,29,/buy survival_blocks 3,1,30,30,0.3,29.7,29.7,9900,100,true,
WARPED_NYLIUM,0.3,survival_nether.yml,survival_nether,31,2,20,/buy survival_nether 2,1,30,30,0.3,29.7,29.7,9900,100,true,
WARPED_PLANKS,0.3,survival_wood_products.yml,survival_wood_products,12,1,23,/buy survival_wood_products 1,1,30,30,0.3,29.7,29.7,9900,100,true,
WARPED_PRESSURE_PLATE,0.61,survival_wood_products.yml,survival_wood_products,111,5,23,/buy survival_wood_products 5,1,61,61,0.61,60.39,60.39,9900,100,true,
WARPED_ROOTS,0.2,survival_nether.yml,survival_nether,35,2,24,/buy survival_nether 2,1,20,20,0.2,19.8,19.8,9900,100,true,
WARPED_SHELF,1.12,survival_logs.yml,survival_logs,81,4,29,/buy survival_logs 4,1,112,112,1.12,110.88,110.88,9900,100,true,
WARPED_SIGN,1.3,survival_wood_products.yml,survival_wood_products,123,5,41,/buy survival_wood_products 5,1,130,130,1.3,128.7,128.7,9900,100,true,
WARPED_SLAB,0.15,survival_wood_products.yml,survival_wood_products,25,1,41,/buy survival_wood_products 1,1,15,15,0.15,14.85,14.85,9900,100,true,
WARPED_STAIRS,0.45,survival_wood_products.yml,survival_wood_products,38,2,23,/buy survival_wood_products 2,1,45,45,0.45,44.55,44.55,9900,100,true,
WARPED_STEM,1.2,survival_logs.yml,survival_logs,11,1,22,/buy survival_logs 1,1,120,120,1.2,118.8,118.8,9900,100,true,
WARPED_TRAPDOOR,0.91,survival_wood_products.yml,survival_wood_products,87,4,23,/buy survival_wood_products 4,1,91,91,0.91,90.09,90.09,9900,100,true,
WARPED_WART_BLOCK,2,survival_nether.yml,survival_nether,53,3,21,/buy survival_nether 3,1,200,200,2,198,198,9900,100,true,
WATER_BUCKET,8.56,survival_tools.yml,survival_tools,49,2,21,/buy survival_tools 2,1,856,856,8.56,847.44,847.44,9900,100,true,
WAXED_CHISELED_COPPER,2.25,survival_ores_copper.yml,survival_ores_copper,45,3,12,/buy survival_ores_copper 3,1,225,225,2.25,222.75,222.75,9900,100,true,
WAXED_COPPER_BARS,4.27,survival_ores_copper.yml,survival_ores_copper,91,5,14,/buy survival_ores_copper 5,1,427,427,4.27,422.73,422.73,9900,100,true,
WAXED_COPPER_BLOCK,8.85,survival_ores_copper.yml,survival_ores_copper,11,1,22,/buy survival_ores_copper 1,1,885,885,8.85,876.15,876.15,9900,100,true,
WAXED_COPPER_BULB,6.85,survival_ores_copper.yml,survival_ores_copper,50,3,19,/buy survival_ores_copper 3,1,685,685,6.85,678.15,678.15,9900,100,true,
WAXED_COPPER_CHAIN,4.71,survival_ores_copper.yml,survival_ores_copper,92,5,15,/buy survival_ores_copper 5,1,471,471,4.71,466.29,466.29,9900,100,true,
WAXED_COPPER_CHEST,9.36,survival_ores_copper.yml,survival_ores_copper,93,5,16,/buy survival_ores_copper 5,1,936,936,9.36,926.64,926.64,9900,100,true,
WAXED_COPPER_DOOR,5.14,survival_ores_copper.yml,survival_ores_copper,94,5,19,/buy survival_ores_copper 5,1,514,514,5.14,508.86,508.86,9900,100,true,
WAXED_COPPER_GOLEM_STATUE,55.08,survival_ores_copper.yml,survival_ores_copper,95,5,20,/buy survival_ores_copper 5,1,5508,5508,55.08,5452.92,5452.92,9900,100,true,
WAXED_COPPER_GRATE,2.25,survival_ores_copper.yml,survival_ores_copper,96,5,21,/buy survival_ores_copper 5,1,225,225,2.25,222.75,222.75,9900,100,true,
WAXED_COPPER_LANTERN,4.83,survival_ores_copper.yml,survival_ores_copper,97,5,22,/buy survival_ores_copper 5,1,483,483,4.83,478.17,478.17,9900,100,true,
WAXED_COPPER_TRAPDOOR,6.2,survival_ores_copper.yml,survival_ores_copper,98,5,23,/buy survival_ores_copper 5,1,620,620,6.2,613.8,613.8,9900,100,true,
WAXED_CUT_COPPER,5.29,survival_ores_copper.yml,survival_ores_copper,20,1,33,/buy survival_ores_copper 1,1,529,529,5.29,523.71,523.71,9900,100,true,
WAXED_CUT_COPPER_SLAB,1.12,survival_ores_copper.yml,survival_ores_copper,27,2,15,/buy survival_ores_copper 2,1,112,112,1.12,110.88,110.88,9900,100,true,
WAXED_CUT_COPPER_STAIRS,2.25,survival_ores_copper.yml,survival_ores_copper,34,2,24,/buy survival_ores_copper 2,1,225,225,2.25,222.75,222.75,9900,100,true,
WAXED_EXPOSED_CHISELED_COPPER,2.25,survival_ores_copper.yml,survival_ores_copper,46,3,13,/buy survival_ores_copper 3,1,225,225,2.25,222.75,222.75,9900,100,true,
WAXED_EXPOSED_COPPER,8.85,survival_ores_copper.yml,survival_ores_copper,12,1,23,/buy survival_ores_copper 1,1,885,885,8.85,876.15,876.15,9900,100,true,
WAXED_EXPOSED_COPPER_BARS,4.27,survival_ores_copper.yml,survival_ores_copper,100,5,25,/buy survival_ores_copper 5,1,427,427,4.27,422.73,422.73,9900,100,true,
WAXED_EXPOSED_COPPER_BULB,6.85,survival_ores_copper.yml,survival_ores_copper,101,5,28,/buy survival_ores_copper 5,1,685,685,6.85,678.15,678.15,9900,100,true,
WAXED_EXPOSED_COPPER_CHAIN,4.71,survival_ores_copper.yml,survival_ores_copper,102,5,29,/buy survival_ores_copper 5,1,471,471,4.71,466.29,466.29,9900,100,true,
WAXED_EXPOSED_COPPER_CHEST,9.36,survival_ores_copper.yml,survival_ores_copper,103,5,30,/buy survival_ores_copper 5,1,936,936,9.36,926.64,926.64,9900,100,true,
WAXED_EXPOSED_COPPER_DOOR,5.14,survival_ores_copper.yml,survival_ores_copper,104,5,31,/buy survival_ores_copper 5,1,514,514,5.14,508.86,508.86,9900,100,true,
WAXED_EXPOSED_COPPER_GOLEM_STATUE,55.08,survival_ores_copper.yml,survival_ores_copper,105,5,32,/buy survival_ores_copper 5,1,5508,5508,55.08,5452.92,5452.92,9900,100,true,
WAXED_EXPOSED_COPPER_GRATE,2.25,survival_ores_copper.yml,survival_ores_copper,106,5,33,/buy survival_ores_copper 5,1,225,225,2.25,222.75,222.75,9900,100,true,
WAXED_EXPOSED_COPPER_LANTERN,4.83,survival_ores_copper.yml,survival_ores_copper,107,5,34,/buy survival_ores_copper 5,1,483,483,4.83,478.17,478.17,9900,100,true,
WAXED_EXPOSED_COPPER_TRAPDOOR,6.2,survival_ores_copper.yml,survival_ores_copper,108,6,10,/buy survival_ores_copper 6,1,620,620,6.2,613.8,613.8,9900,100,true,
WAXED_EXPOSED_CUT_COPPER,2.25,survival_ores_copper.yml,survival_ores_copper,21,1,34,/buy survival_ores_copper 1,1,225,225,2.25,222.75,222.75,9900,100,true,
WAXED_EXPOSED_CUT_COPPER_SLAB,1.12,survival_ores_copper.yml,survival_ores_copper,28,2,16,/buy survival_ores_copper 2,1,112,112,1.12,110.88,110.88,9900,100,true,
WAXED_EXPOSED_CUT_COPPER_STAIRS,2.25,survival_ores_copper.yml,survival_ores_copper,35,2,25,/buy survival_ores_copper 2,1,225,225,2.25,222.75,222.75,9900,100,true,
WAXED_EXPOSED_LIGHTNING_ROD,5.67,survival_ores_copper.yml,survival_ores_copper,109,6,11,/buy survival_ores_copper 6,1,567,567,5.67,561.33,561.33,9900,100,true,
WAXED_LIGHTNING_ROD,5.67,survival_ores_copper.yml,survival_ores_copper,99,5,24,/buy survival_ores_copper 5,1,567,567,5.67,561.33,561.33,9900,100,true,
WAXED_OXIDIZED_CHISELED_COPPER,2.25,survival_ores_copper.yml,survival_ores_copper,48,3,15,/buy survival_ores_copper 3,1,225,225,2.25,222.75,222.75,9900,100,true,
WAXED_OXIDIZED_COPPER,8.85,survival_ores_copper.yml,survival_ores_copper,14,1,25,/buy survival_ores_copper 1,1,885,885,8.85,876.15,876.15,9900,100,true,
WAXED_OXIDIZED_COPPER_BARS,4.27,survival_ores_copper.yml,survival_ores_copper,120,6,24,/buy survival_ores_copper 6,1,427,427,4.27,422.73,422.73,9900,100,true,
WAXED_OXIDIZED_COPPER_BULB,6.85,survival_ores_copper.yml,survival_ores_copper,121,6,25,/buy survival_ores_copper 6,1,685,685,6.85,678.15,678.15,9900,100,true,
WAXED_OXIDIZED_COPPER_CHAIN,4.71,survival_ores_copper.yml,survival_ores_copper,122,6,28,/buy survival_ores_copper 6,1,471,471,4.71,466.29,466.29,9900,100,true,
WAXED_OXIDIZED_COPPER_CHEST,9.36,survival_ores_copper.yml,survival_ores_copper,123,6,29,/buy survival_ores_copper 6,1,936,936,9.36,926.64,926.64,9900,100,true,
WAXED_OXIDIZED_COPPER_DOOR,5.14,survival_ores_copper.yml,survival_ores_copper,124,6,30,/buy survival_ores_copper 6,1,514,514,5.14,508.86,508.86,9900,100,true,
WAXED_OXIDIZED_COPPER_GOLEM_STATUE,55.08,survival_ores_copper.yml,survival_ores_copper,125,6,31,/buy survival_ores_copper 6,1,5508,5508,55.08,5452.92,5452.92,9900,100,true,
WAXED_OXIDIZED_COPPER_GRATE,2.25,survival_ores_copper.yml,survival_ores_copper,126,6,32,/buy survival_ores_copper 6,1,225,225,2.25,222.75,222.75,9900,100,true,
WAXED_OXIDIZED_COPPER_LANTERN,4.83,survival_ores_copper.yml,survival_ores_copper,127,6,33,/buy survival_ores_copper 6,1,483,483,4.83,478.17,478.17,9900,100,true,
WAXED_OXIDIZED_COPPER_TRAPDOOR,6.2,survival_ores_copper.yml,survival_ores_copper,128,6,34,/buy survival_ores_copper 6,1,620,620,6.2,613.8,613.8,9900,100,true,
WAXED_OXIDIZED_CUT_COPPER,2.25,survival_ores_copper.yml,survival_ores_copper,23,2,11,/buy survival_ores_copper 2,1,225,225,2.25,222.75,222.75,9900,100,true,
WAXED_OXIDIZED_CUT_COPPER_SLAB,1.12,survival_ores_copper.yml,survival_ores_copper,30,2,20,/buy survival_ores_copper 2,1,112,112,1.12,110.88,110.88,9900,100,true,
WAXED_OXIDIZED_CUT_COPPER_STAIRS,2.25,survival_ores_copper.yml,survival_ores_copper,37,2,29,/buy survival_ores_copper 2,1,225,225,2.25,222.75,222.75,9900,100,true,
WAXED_OXIDIZED_LIGHTNING_ROD,5.67,survival_ores_copper.yml,survival_ores_copper,129,7,10,/buy survival_ores_copper 7,1,567,567,5.67,561.33,561.33,9900,100,true,
WAXED_WEATHERED_CHISELED_COPPER,2.25,survival_ores_copper.yml,survival_ores_copper,47,3,14,/buy survival_ores_copper 3,1,225,225,2.25,222.75,222.75,9900,100,true,
WAXED_WEATHERED_COPPER,8.85,survival_ores_copper.yml,survival_ores_copper,13,1,24,/buy survival_ores_copper 1,1,885,885,8.85,876.15,876.15,9900,100,true,
WAXED_WEATHERED_COPPER_BARS,4.27,survival_ores_copper.yml,survival_ores_copper,110,6,12,/buy survival_ores_copper 6,1,427,427,4.27,422.73,422.73,9900,100,true,
WAXED_WEATHERED_COPPER_BULB,6.85,survival_ores_copper.yml,survival_ores_copper,111,6,13,/buy survival_ores_copper 6,1,685,685,6.85,678.15,678.15,9900,100,true,
WAXED_WEATHERED_COPPER_CHAIN,4.71,survival_ores_copper.yml,survival_ores_copper,112,6,14,/buy survival_ores_copper 6,1,471,471,4.71,466.29,466.29,9900,100,true,
WAXED_WEATHERED_COPPER_CHEST,9.36,survival_ores_copper.yml,survival_ores_copper,113,6,15,/buy survival_ores_copper 6,1,936,936,9.36,926.64,926.64,9900,100,true,
WAXED_WEATHERED_COPPER_DOOR,5.14,survival_ores_copper.yml,survival_ores_copper,114,6,16,/buy survival_ores_copper 6,1,514,514,5.14,508.86,508.86,9900,100,true,
WAXED_WEATHERED_COPPER_GOLEM_STATUE,55.08,survival_ores_copper.yml,survival_ores_copper,115,6,19,/buy survival_ores_copper 6,1,5508,5508,55.08,5452.92,5452.92,9900,100,true,
WAXED_WEATHERED_COPPER_GRATE,2.25,survival_ores_copper.yml,survival_ores_copper,116,6,20,/buy survival_ores_copper 6,1,225,225,2.25,222.75,222.75,9900,100,true,
WAXED_WEATHERED_COPPER_LANTERN,4.83,survival_ores_copper.yml,survival_ores_copper,117,6,21,/buy survival_ores_copper 6,1,483,483,4.83,478.17,478.17,9900,100,true,
WAXED_WEATHERED_COPPER_TRAPDOOR,6.2,survival_ores_copper.yml,survival_ores_copper,118,6,22,/buy survival_ores_copper 6,1,620,620,6.2,613.8,613.8,9900,100,true,
WAXED_WEATHERED_CUT_COPPER,2.25,survival_ores_copper.yml,survival_ores_copper,22,2,10,/buy survival_ores_copper 2,1,225,225,2.25,222.75,222.75,9900,100,true,
WAXED_WEATHERED_CUT_COPPER_SLAB,1.12,survival_ores_copper.yml,survival_ores_copper,29,2,19,/buy survival_ores_copper 2,1,112,112,1.12,110.88,110.88,9900,100,true,
WAXED_WEATHERED_CUT_COPPER_STAIRS,2.25,survival_ores_copper.yml,survival_ores_copper,36,2,28,/buy survival_ores_copper 2,1,225,225,2.25,222.75,222.75,9900,100,true,
WAXED_WEATHERED_LIGHTNING_ROD,5.67,survival_ores_copper.yml,survival_ores_copper,119,6,23,/buy survival_ores_copper 6,1,567,567,5.67,561.33,561.33,9900,100,true,
WAYFINDER_ARMOR_TRIM_SMITHING_TEMPLATE,250,island_templates.yml,island_templates,16,1,29,/buy island_templates 1,1,25000,25000,250,24750,24750,9900,100,true,
WEATHERED_CHISELED_COPPER,1.19,survival_ores_copper.yml,survival_ores_copper,43,3,10,/buy survival_ores_copper 3,1,119,119,1.19,117.81,117.81,9900,100,true,
WEATHERED_COPPER,4.68,survival_ores_copper.yml,survival_ores_copper,9,1,20,/buy survival_ores_copper 1,1,468,468,4.68,463.32,463.32,9900,100,true,
WEATHERED_COPPER_BARS,0.19,survival_ores_copper.yml,survival_ores_copper,71,4,15,/buy survival_ores_copper 4,1,19,19,0.19,18.81,18.81,9900,100,true,
WEATHERED_COPPER_BULB,3.66,survival_ores_copper.yml,survival_ores_copper,72,4,16,/buy survival_ores_copper 4,1,366,366,3.66,362.34,362.34,9900,100,true,
WEATHERED_COPPER_CHAIN,0.62,survival_ores_copper.yml,survival_ores_copper,73,4,19,/buy survival_ores_copper 4,1,62,62,0.62,61.38,61.38,9900,100,true,
WEATHERED_COPPER_CHEST,5.18,survival_ores_copper.yml,survival_ores_copper,74,4,20,/buy survival_ores_copper 4,1,518,518,5.18,512.82,512.82,9900,100,true,
WEATHERED_COPPER_DOOR,1.04,survival_ores_copper.yml,survival_ores_copper,75,4,21,/buy survival_ores_copper 4,1,104,104,1.04,102.96,102.96,9900,100,true,
WEATHERED_COPPER_GOLEM_STATUE,50,survival_ores_copper.yml,survival_ores_copper,76,4,22,/buy survival_ores_copper 4,1,5000,5000,50,4950,4950,9900,100,true,
WEATHERED_COPPER_GRATE,1.19,survival_ores_copper.yml,survival_ores_copper,77,4,23,/buy survival_ores_copper 4,1,119,119,1.19,117.81,117.81,9900,100,true,
WEATHERED_COPPER_LANTERN,0.74,survival_ores_copper.yml,survival_ores_copper,78,4,24,/buy survival_ores_copper 4,1,74,74,0.74,73.26,73.26,9900,100,true,
WEATHERED_COPPER_TRAPDOOR,2.08,survival_ores_copper.yml,survival_ores_copper,79,4,25,/buy survival_ores_copper 4,1,208,208,2.08,205.92,205.92,9900,100,true,
WEATHERED_CUT_COPPER,1.19,survival_ores_copper.yml,survival_ores_copper,18,1,31,/buy survival_ores_copper 1,1,119,119,1.19,117.81,117.81,9900,100,true,
WEATHERED_CUT_COPPER_SLAB,0.59,survival_ores_copper.yml,survival_ores_copper,25,2,13,/buy survival_ores_copper 2,1,59,59,0.59,58.41,58.41,9900,100,true,
WEATHERED_CUT_COPPER_STAIRS,1.19,survival_ores_copper.yml,survival_ores_copper,32,2,22,/buy survival_ores_copper 2,1,119,119,1.19,117.81,117.81,9900,100,true,
WEATHERED_LIGHTNING_ROD,1.56,survival_ores_copper.yml,survival_ores_copper,80,4,28,/buy survival_ores_copper 4,1,156,156,1.56,154.44,154.44,9900,100,true,
WEEPING_VINES,1,survival_farming_plants.yml,survival_farming_plants,45,2,30,/buy survival_farming_plants 2,1,100,100,1,99,99,9900,100,true,
WEEPING_VINES,1,survival_nether.yml,survival_nether,38,2,29,/buy survival_nether 2,1,100,100,1,99,99,9900,100,true,
WET_SPONGE,49.02,survival_blocks.yml,survival_blocks,60,3,30,/buy survival_blocks 3,1,4902,4902,49.02,4852.98,4852.98,9900,100,true,
WHEAT,0.4,survival_farming_crops.yml,survival_farming_crops,8,1,19,/buy survival_farming_crops 1,1,40,40,0.4,39.6,39.6,9900,100,true,
WHEAT_SEEDS,0.1,survival_farming_crops.yml,survival_farming_crops,1,1,10,/buy survival_farming_crops 1,1,10,10,0.1,9.9,9.9,9900,100,true,
WHITE_BANNER,1,survival_wools.yml,survival_wools,49,4,10,/buy survival_wools 4,1,100,100,1,99,99,9900,100,true,
WHITE_BED,1.83,survival_wools.yml,survival_wools,33,3,10,/buy survival_wools 3,1,183,183,1.83,181.17,181.17,9900,100,true,
WHITE_BUNDLE,0.43,survival_misc.yml,survival_misc,21,2,10,/buy survival_misc 2,1,43,43,0.43,42.57,42.57,9900,100,true,
WHITE_CANDLE,4.17,survival_misc.yml,survival_misc,5,1,14,/buy survival_misc 1,1,417,417,4.17,412.83,412.83,9900,100,true,
WHITE_CARPET,0.27,survival_wools.yml,survival_wools,17,2,10,/buy survival_wools 2,1,27,27,0.27,26.73,26.73,9900,100,true,
WHITE_CONCRETE,0.05,survival_concrete.yml,survival_concrete,31,2,21,/buy survival_concrete 2,1,5,5,0.05,4.95,4.95,9900,100,true,
WHITE_CONCRETE_POWDER,0.05,survival_concrete.yml,survival_concrete,32,2,22,/buy survival_concrete 2,1,5,5,0.05,4.95,4.95,9900,100,true,
WHITE_DYE,0.09,survival_dyes.yml,survival_dyes,1,1,10,/buy survival_dyes 1,1,9,9,0.09,8.91,8.91,9900,100,true,
WHITE_GLAZED_TERRACOTTA,0.31,survival_terracotta.yml,survival_terracotta,18,2,10,/buy survival_terracotta 2,1,31,31,0.31,30.69,30.69,9900,100,true,
WHITE_HARNESS,1.22,survival_armor.yml,survival_armor,40,3,10,/buy survival_armor 3,1,122,122,1.22,120.78,120.78,9900,100,true,
WHITE_SHULKER_BOX,2040.09,survival_end.yml,survival_end,26,2,14,/buy survival_end 2,1,204009,204009,2040.09,201968.91,201968.91,9900,100,true,
WHITE_STAINED_GLASS,0.05,survival_glass.yml,survival_glass,3,1,12,/buy survival_glass 1,1,5,5,0.05,4.95,4.95,9900,100,true,
WHITE_STAINED_GLASS_PANE,0.01,survival_glass.yml,survival_glass,20,1,33,/buy survival_glass 1,1,1,1,0.01,0.99,0.99,9900,100,true,
WHITE_TERRACOTTA,0.31,survival_terracotta.yml,survival_terracotta,2,1,11,/buy survival_terracotta 1,1,31,31,0.31,30.69,30.69,9900,100,true,
WHITE_TULIP,0.2,survival_farming_plants.yml,survival_farming_plants,8,1,19,/buy survival_farming_plants 1,1,20,20,0.2,19.8,19.8,9900,100,true,
WHITE_WOOL,0.4,survival_wools.yml,survival_wools,1,1,10,/buy survival_wools 1,1,40,40,0.4,39.6,39.6,9900,100,true,
WILDFLOWERS,0.1,survival_farming_plants.yml,survival_farming_plants,25,1,40,/buy survival_farming_plants 1,1,10,10,0.1,9.9,9.9,9900,100,true,
WILD_ARMOR_TRIM_SMITHING_TEMPLATE,250,island_templates.yml,island_templates,17,1,30,/buy island_templates 1,1,25000,25000,250,24750,24750,9900,100,true,
WIND_CHARGE,1.27,survival_weapons.yml,survival_weapons,33,2,20,/buy survival_weapons 2,1,127,127,1.27,125.73,125.73,9900,100,true,
WITHER_ROSE,10,survival_farming_plants.yml,survival_farming_plants,13,1,24,/buy survival_farming_plants 1,1,1000,1000,10,990,990,9900,100,true,
WITHER_ROSE,10,survival_nether.yml,survival_nether,48,3,14,/buy survival_nether 3,1,1000,1000,10,990,990,9900,100,true,
WITHER_SKELETON_SKULL,600,survival_mobdrops.yml,survival_mobdrops,29,2,20,/buy survival_mobdrops 2,1,60000,60000,600,59400,59400,9900,100,true,
WOLF_ARMOR,9.18,survival_armor.yml,survival_armor,32,2,32,/buy survival_armor 2,1,918,918,9.18,908.82,908.82,9900,100,true,
WOODEN_AXE,0.81,survival_tools.yml,survival_tools,7,1,19,/buy survival_tools 1,1,81,81,0.81,80.19,80.19,9900,100,true,
WOODEN_AXE,0.81,survival_weapons.yml,survival_weapons,7,1,19,/buy survival_weapons 1,1,81,81,0.81,80.19,80.19,9900,100,true,
WOODEN_HOE,0.61,survival_tools.yml,survival_tools,19,1,37,/buy survival_tools 1,1,61,61,0.61,60.39,60.39,9900,100,true,
WOODEN_PICKAXE,0.81,survival_tools.yml,survival_tools,1,1,10,/buy survival_tools 1,1,81,81,0.81,80.19,80.19,9900,100,true,
WOODEN_SHOVEL,0.4,survival_tools.yml,survival_tools,13,1,28,/buy survival_tools 1,1,40,40,0.4,39.6,39.6,9900,100,true,
WOODEN_SPEAR,0.4,survival_weapons.yml,survival_weapons,25,1,28,/buy survival_weapons 1,1,40,40,0.4,39.6,39.6,9900,100,true,
WOODEN_SWORD,0.51,survival_weapons.yml,survival_weapons,1,1,10,/buy survival_weapons 1,1,51,51,0.51,50.49,50.49,9900,100,true,
WRITABLE_BOOK,1.67,,,,,,,,,,,,,,,false,not listed
WRITTEN_BOOK,5,,,,,,,,,,,,,,,false,not listed
YELLOW_BANNER,1,survival_wools.yml,survival_wools,53,4,14,/buy survival_wools 4,1,100,100,1,99,99,9900,100,true,
YELLOW_BED,1.95,survival_wools.yml,survival_wools,37,3,14,/buy survival_wools 3,1,195,195,1.95,193.05,193.05,9900,100,true,
YELLOW_BUNDLE,0.43,survival_misc.yml,survival_misc,28,2,19,/buy survival_misc 2,1,43,43,0.43,42.57,42.57,9900,100,true,
YELLOW_CANDLE,4.17,survival_misc.yml,survival_misc,12,1,23,/buy survival_misc 1,1,417,417,4.17,412.83,412.83,9900,100,true,
YELLOW_CARPET,0.33,survival_wools.yml,survival_wools,24,2,19,/buy survival_wools 2,1,33,33,0.33,32.67,32.67,9900,100,true,
YELLOW_CONCRETE,0.05,survival_concrete.yml,survival_concrete,7,1,16,/buy survival_concrete 1,1,5,5,0.05,4.95,4.95,9900,100,true,
YELLOW_CONCRETE_POWDER,0.05,survival_concrete.yml,survival_concrete,8,1,19,/buy survival_concrete 1,1,5,5,0.05,4.95,4.95,9900,100,true,
YELLOW_DYE,0.09,survival_dyes.yml,survival_dyes,8,1,19,/buy survival_dyes 1,1,9,9,0.09,8.91,8.91,9900,100,true,
YELLOW_GLAZED_TERRACOTTA,0.31,survival_terracotta.yml,survival_terracotta,25,2,19,/buy survival_terracotta 2,1,31,31,0.31,30.69,30.69,9900,100,true,
YELLOW_HARNESS,1.31,survival_armor.yml,survival_armor,47,3,19,/buy survival_armor 3,1,131,131,1.31,129.69,129.69,9900,100,true,
YELLOW_SHULKER_BOX,2040.09,survival_end.yml,survival_end,33,2,23,/buy survival_end 2,1,204009,204009,2040.09,201968.91,201968.91,9900,100,true,
YELLOW_STAINED_GLASS,0.05,survival_glass.yml,survival_glass,10,1,21,/buy survival_glass 1,1,5,5,0.05,4.95,4.95,9900,100,true,
YELLOW_STAINED_GLASS_PANE,0.01,survival_glass.yml,survival_glass,27,2,15,/buy survival_glass 2,1,1,1,0.01,0.99,0.99,9900,100,true,
YELLOW_TERRACOTTA,0.31,survival_terracotta.yml,survival_terracotta,9,1,20,/buy survival_terracotta 1,1,31,31,0.31,30.69,30.69,9900,100,true,
YELLOW_WOOL,0.49,survival_wools.yml,survival_wools,8,1,19,/buy survival_wools 1,1,49,49,0.49,48.51,48.51,9900,100,true,
ZOMBIE_HEAD,150,survival_mobdrops.yml,survival_mobdrops,30,2,21,/buy survival_mobdrops 2,1,15000,15000,150,14850,14850,9900,100,true,
